Modality	StudyDescription	frequency
DX	XR CHEST 1 VIEW AP	20540
DX	XR CHEST 1 VW, FRONTAL	20016
CR	XR PORT CHEST 1V	15011
DX	XR CHEST PORTABLE 1 VIEW	12360
CR	CHEST PORT 1 VIEW (RAD)-CS	9143
CR	XR CHEST 2 VIEWS	7616
CR	XR CHEST 1 VW PORTABLE	7240
CR	XR CHEST 1 VIEW AP	6663
DX	XR Chest AP or PA	6127
DX	XR CHEST 1 VIEW	5919
DX	XR CHEST 1 VIEW PORTABLE	4002
CR	CHEST AP PORT	3420
CR	XR CHEST 1 VW, FRONTAL	3230
CR	XR CHEST PA AND LATERAL	3165
DX	XR CHEST 2 VIEWS	2739
DX	XR CHEST 2 VIEWS PA AND LATERAL	2670
DX	XR CHEST SINGLE VIEW	2611
CR	XR CHEST 1 VIEW	2593
DX	XR Chest 2 Views PA + Lat Stnd Protocol	2592
CR	XR CHEST AP PA LATERAL 2 VW	2334
DX	XR CHEST 2 VIEWS, FRONTAL AND LATERAL	2207
CT	BRAIN W/O CONTRAST (CT)-CS	2026
DX	XR CHEST PA AND LATERAL	2001
DX	XR CHEST MORNING ROUTINE PORTABLE	1846
CR	XR CHEST PA/LATERAL	1801
CT	CT CHEST WO CONTRAST	1640
CR	XR CHEST 2 VIEWS, FRONTAL AND LATERAL	1614
CR	XR CHEST 1 VIEW PORTABLE	1569
CR	Chest	1564
CR	CHEST AP VIEWONLY	1556
CR	Portable Chest	1554
CT	CT CHEST W CONTRAST	1433
DX	DX CHEST PORTABLE 1 VIEW	1431
CT	CT CHEST WITH CONTRAST	1417
CR	CHEST PA & LATERAL (RAD)-CS	1392
CT	CT CHEST PULMONARY EMBOLISM (CTPE)	1250
DX	CHEST 1 VIEW	1216
CT	CT CHEST WITHOUT CONTRAST	1129
CR	XR CHEST 1 VW	1124
DX	Chest	1085
CT	CTA CHEST (PE STUDY) W CONTRAST	1047
CR	DX CHEST 1 VIEW	1046
CR	DX CHEST PORTABLE 1 VIEW	890
DX	CHEST AP PORT	864
CT	CT HEAD WO CONTRAST	828
CT	CT CHEST ANGIOGRAM AND PULMONARY ARTERIES WITH IV CONTRAST	739
CR	Chest 2V	674
CT	CT CHEST WO	658
CT	CHEST W/O CONTRAST (CT)-CS	657
DX	XR PORT CHEST 1V	611
CR	XR P PORT CHEST 1 VIEW	607
CR	X-RAY CHEST SINGLE VIEW	596
DX	XR CHEST LINE PLACEMENT PORTABLE	596
CR	XR PORT CHEST 1V LINE PLCMNT - INITIAL ONLY	544
DX	CHEST PA & LATERAL (RAD)-CS	531
DX	CHEST-SINGLE VIEW (RAD)-CS	530
DX	XR ABDOMEN 1 VIEW	483
CR,DX	XR CHEST 2 VIEWS	480
CR	XR Chest AP or PA	472
DX	XR CHEST AP PORTABLE	469
CT	CT CHEST ABDOMEN PELVIS W CONTRAST (ROUTINE)	444
CT	Vascular^PE_STUDY (Adult)	438
CT	CT CHEST ABDOMEN PELVIS W	420
CR	XR CHEST AP PORTABLE	414
CT	Head^HEAD (Adult)	398
CR	CHEST-SINGLE VIEW (RAD)-CS	395
CT	CT CHEST PULMONARY EMBOLISM W CONTRAST	393
CR	Chest Portable	376
CR	XR Chest 2 Views PA + Lat Stnd Protocol	358
CR	XR Chest 1 View Portable	329
CR	CHEST 1 VIEW	322
CT	CT ABDOMEN PELVIS W CONTRAST (ROUTINE)	305
CT	CT CHEST W	301
CR	Chest Single View Adult Portable	292
CT	CT CHEST PULMONARY EMB	280
CT	CT CHEST HIGH RESOLUTION	277
DX	XR CHEST PICC VERIFICATION	266
CR	XR CHEST AP 1V PORTABLE	256
CR	CHEST 1VIEW DX	254
DX	X-RAY CHEST SINGLE VIEW	244
CT	CT CHEST ABDOMEN PELVIS W CONTRAST	239
CT	Thorax^CT_PE (Adult)	234
DX	CHEST AP VIEWONLY	231
CR	XR CHEST SINGLE VIEW	226
DX	XR Chest  PA/LAT	223
DX	X-RAY CHEST FRONTAL AND LATERAL	221
CR	CHEST PORTABLE AP	219
CT	CHEST W/CONTRAST (CT)-CS	214
DX	XR CHEST 2 VIEWS FRONTAL & LATERAL	212
DX	DX Chest A-P/PA (Single View)	210
CT	CT CHEST ABDOMEN PELVI	202
DX	XR CHEST PORTABLE	195
CR	CR DIAG-PORTABLE CHEST	195
CT	CT CHEST WO IV CONT	190
DX	XR CHEST 1 VIEW NOT PORTABLE	189
CT	Thorax^PE (Adult)	184
CT	CT CHEST ABDOMEN PELVIS WO CONTRAST (ROUTINE)	182
CT	CTA PE CHEST W	175
CT	CT CHEST WITHOUT IV CONTRAST	165
CT	Head^DE_HEAD_WITHOUT_Customized (Adult)	164
CT	Thorax^CHEST_WO (Adult)	164
CT	CT CHEST ABDOMEN PELVIS W CONTRAST (TRAUMA)	156
CR	CHEST AP PORTABLE	155
CR	LCMC XR CHEST 1 VW PORTABLE	153
CR	CHEST AP PORT CENTRAL LINE PL	149
CT	Abdomen^ABD_PEL_WITH (Adult)	146
CR	CHEST 2 VIEWS	146
CR	CHEST INSPIR/EXPIR (RAD)-CS	144
CT	CTA CHEST-CS	138
CT	Head^ROUTINE_DE_HEAD (Adult)	137
CR	XR CHEST 1V FRONTAL PORT	136
CT	CT ANGIO CHEST W	135
CT	BRAIN W/O STROKE PROTOCOL-CS	134
CR	XR Portable Chest 1 view	132
CR	XR P CHEST PA/LAT	128
CT	CTA CHEST PULMONARY ANGIOGRAPHY W CONTRAST	128
US	TRANSTHORACIC ECHO	128
CT	Thorax^DE_CHEST_PE_Customized (Adult)	127
CT	CT CHEST PULMONARY ANGIO WITH IV CON	126
CR	XR CHEST PORTABLE 1 VIEW	125
CT	CT ABD AND PELVIS WITH IV CONT	124
CT	Thorax^FLASH_CHEST_WO (Adult)	124
DX	DX CHEST 1 VIEW	123
CR	XR Chest 1 View Frontal	122
CR	DX Chest A-P/PA (Single View)	121
CT	Head^CT_HEAD_WO (Adult)	120
CR	CHEST 1 VIEW PA/AP PORTABLE	119
DX	Chest Portable	119
CR	FLAT PLATE OF ABDOMEN PORTABLE	114
CT	CT ANGIOGRAM CHEST	111
CT	Thorax^CHEST_WITHOUT (Adult)	111
CT	CT ABDOMEN PELVIS WO CONTRAST (ROUTINE)	109
CT	CT ANGIO CHEST WWO	107
CR	XR CHEST 2 VIEWS, FRONTAL AND LATERAL;	107
CR	DXR: Chest AP - Portable	104
CT	01_PM_Thorax_Plain(Adult)	98
DX	CHEST 2 VIEWS	96
CT	Abdomen^CT_AP_WITH (Adult)	96
CT	CT ABDOMEN/PELVIS WITH CONTRAST	95
CT	CT ABD AND PELVIS WO IV CONT	93
CT	CT ANGIOGRAPHY NECK AND HEAD	92
CT	CT CHEST ABDOMEN PELVIS WO CONTRAST	90
CT	JCCI CT CHEST	89
DX	CHEST 1 VIEW ICU	89
CR	XR Chest 2 Views	89
CT	CT CHEST W/O CONTRAST	87
CT	CT CHEST AND UPPER ABD W	85
CT	CT THORAX PE EXAM	84
CT	CTA CHEST ABDOMEN PELVIS WWO	81
DX	DX CHEST AP OR PA AND LATERAL 2 VIEWS	80
DX	Chest children	79
CR	XR CHEST PA OR AP SINGLE VIEW	78
CT	Thorax^CHEST_WO_GR (Adult)	77
CR	CHEST 1V	77
DX	CHEST PORTABLE	76
CT	CT CHEST W/O IV CON	76
CT	CT CHEST WO IV CONTRAST	73
DX	XR CHEST 1 VIEW POSTEROANTERIOR	73
CT	CT CHEST WITH IV CONTRAST	71
CT	CT ANGIO CHEST PULM EMBOLISM	71
DX	CHEST PORT 1 VIEW (RAD)-CS	71
DX	CHEST AP PORT CENTRAL LINE PL	69
DX	XR KUB, FLAT PLATE, ABDOMEN 1 VIEW	69
CT	CT ABDOMEN AND PELVIS WITH CONTRAST	69
CR	CHEST AP VIEW ONLY	67
CT	Abdomen^ABDOMEN_PELVIS_W_ROUTINE (Adult)	67
CR	PR CHEST 1 VIEW	65
DX	XRAY CHEST ONE VIEW	65
DX	XR P PORT CHEST 1 VIEW	65
CT	Thorax^XL_PE_Customized (Adult)	64
CT	Abdomen^STONE_STUDY_FULL (Adult)	60
CT	CT CHEST ABDOMEN PELVIS WO	60
CT	Thorax^CT_CAP_WITH (Adult)	59
CR	0	59
CT	CHEST WO(Adult)	57
CR	DG CHEST 2V	57
CT	CT FACE SINUSES WO CONTRAST	56
CT	Thorax^ROUTINE_CHEST_WITHOUT (Adult)	56
CR	XR P PORT ABDOMEN AP 1 VIEW	56
CT	Thorax^CHEST_ABD_PEL_WITH (Adult)	56
CT	Thorax^FLASH_PE (Adult)	55
CT	CT CODE STROKE (BRAIN WO, CTA, PERFUSION)	54
DX	XR CHEST PA OR AP SINGLE VIEW	53
CT	Thorax^GH_ThoraxRoutine (Adult)	53
RF	BRONCHOSCOPY	52
CT	Thorax^CT_CHEST_WITHOUT (Adult)	50
CT	CTA CORONARY	50
CT	Thorax^CHEST_WITH (Adult)	50
CT	Abdomen^1_ROUTINE_CAP (Adult)	50
CR	CHEST 2 VIEWS (ROUTINE)	49
CT	Head^DE_HEAD_WITHOUT (Adult)	47
DX	X-RAY LUMBOSACRAL SPINE 2 OR 3 VIEWS	47
CR	CHEST ROUTINE	46
CR	DX CHEST AP OR PA AND LATERAL 2 VIEWS	45
CT	Thorax^ROUTINE_CHEST_ABD_PEL_WITH (Adult)	45
CT	CT CHEST W IV CONTRAST	45
CT	CTA PULMONARY EMBOLUS	45
CR	XR Chest - Portable AP	44
CT	CT ABDOMEN PELVIS WO CONTRAST (STONE)	42
CR	XR PORT CHEST 1V - RFO	42
DX	CHEST ROUTINE	41
CR	XR CHEST 2 VIEWS PA AND LATERAL	41
CR	XR RIBS LEFT WITH CHEST AP OR PA - SINGLE VIEW	41
DX	FLAT PLATE OF ABDOMEN PORTABLE	41
CR	XR CHEST PICC 1 VIEW	40
CT	Vascular^CTA_HEAD_NECK (Adult)	40
DX	X-RAY ABDOMEN SINGLE VIEW	40
CT	Abdomen^ABD_PEL_WO (Adult)	39
CT	CT Thorax W/ Contrast	39
DX	XR CHEST REFERENCE IMPORT	39
DX	XR CHEST MORNING ROUTINE PORTABLE PUMP	38
CR	XR ABDOMEN 1 VIEW	38
CT	CTA CHEST PULMONARY EMBOLISM	37
CR	XR RIBS RIGHT WITH CHEST AP OR PA - SINGLE VIEW	37
CT	Thorax^DE_PE (Adult)	37
CT	Thorax^CHEST_WITH_GR (Adult)	37
CT	Thorax^CHEST_ABD_PEL_WO (Adult)	37
CT	CT ANGIOGRAPHY NECK	37
MR	MRI LUMBAR SPINE W/O CONTRAST	37
CT	CT LEVEL CHEST ABDOMEN PELVIS W ED	36
CT	CTA CHEST PULMONARY AN	35
CT	CT BRAIN WITHOUT CONTRAST	35
CR	XR P PORT CHEST 1V LINE PLCMNT-NO CHARGE	34
CT	THORAX PE	34
CR	CHEST PORTABLE	33
CT	CT ABDOMEN/PELVIS WITHOUT CONTRAST	33
DX	XR CHEST PORTABLE 2 VIEWS - PEDS ONLY	33
CR	LCMC XR CHEST 1 VW	33
CT	CT Angio Pulmonary	33
CT	Head^HEAD_ROUTINE (Adult)	32
CR	XR Chest 1 View CVAD Insertion Follow-up	31
CT	Thorax^C_A_P_WITH_GR (Adult)	31
CR	DXR: Chest AP xray	31
CT	Thorax^CT_CHEST_WITH (Adult)	31
DX	XR ACUTE ABDOMEN (SUPINE UPRIGHT AND 1 VIEW CHEST)	30
CT	Vascular^CTA_PE_GR (Adult)	30
DX	XR CHEST PORTABLE 1 VIEW - PEDS ONLY	30
CR,DX	CHEST PA & LATERAL (RAD)-CS	30
CT	Abdomen^1_ROUTINE_CAP_WO (Adult)	30
CT	Thorax^XL_CHEST_WO (Adult)	30
CR	XR CHEST REFERENCE IMPORT	30
DX	DPCXR	29
DX	CHEST 1VIEW DX	29
CT	Thorax^XL_PE (Adult)	29
CT	Abdomen^DE_ROUTINE_AP_WITH_OVER_50_Customized (Adult)	28
DX	XR CHEST LINE PLACEMENT PORTABLE PED	28
DX	RM CHEST 1 VIEW PORTABLE	28
MR	MR BRAIN WITH AND WITHOUT CONTRAST	28
CT	Thorax^FLASH_CAP_WITH (Adult)	28
CR	X-RAY CHEST FRONTAL AND LATERAL	28
CT	CT C-SPINE W/O CONTRAST	27
CR	CHEST 1 VIEW (INCLUDING PORTABLE)	27
CT	CT CHEST LUNG CANCER SCREENING WITHOUT CONTRAST ANNUAL	27
CT	CT Angio Chest	27
CR	XR CHEST PORTABLE	27
DX	XR CHEST PA LATERAL W BOTH OBLIQUE PROJECTIONS	27
CT	CT ABDOMEN/PELVIS W IV CONTRAST	27
CR	Chest 1V	27
DX	X-RAY SHOULDER COMPLETE MIN 2 VIEWS - RIGHT	27
MR	MR SPINE LUMBAR WO CONTRAST	26
CR	DX Chest Single View	26
CT	Thorax^FLASH_CHEST_WITH_ (Adult)	26
CT	Abdomen^CT_UROGRAM_STONE_STUDY (Adult)	25
CR	XR PORTABLE CHEST 1 VIEW	25
CR	XR CERVICAL SPINE 2-3 VIEWS	25
CT	Abdomen^ABD_WITH_GR (Adult)	25
CT	CT CHEST W IV CON	25
CT	Thorax^ROUTINE_CHEST_WITH (Adult)	25
CR	XR LEFT FOOT 3+ VIEWS	25
CT	Thorax^ROUTINE_CHEST_ABD_PELVIS_W (Adult)	25
DX	DX CHEST PORTABLE POST-PICC PLACEMENT 1 VIEW	24
CT	Thorax^ROUTINE_CHEST_WO (Adult)	24
CT	CTA CHEST PULMONARY EMBOLUS W/IVCON	24
DX	XR RIGHT FOOT 3+ VIEWS	24
CT	CT ABDOMEN AND PELVIS W/O CONTRAST	24
CR	XR P CHEST 1 VIEW	24
DX	XR CHEST INSPIRATION EXPIRATION	24
CT	CT CHEST	23
DX	XR Chest 2 Views	23
CT	Abdomen^2_ROUTINE_AP_WO (Adult)	23
CT	Head^head_wo_GR (Adult)	23
DX	X-RAY KNEE 3 VIEWS - RIGHT	23
CT	Abdomen^2_ROUTINE_AP (Adult)	23
CT	CT CHEST PE WITH CONTRAST	23
CT	Abdomen^ROUTINE_ABD_PEL_WITH (Adult)	22
CR	KUB (RAD)-CS	22
CT	CT CHEST BIOPSY	22
DX	Chest Single View Adult Portable	22
CR	XR ACUTE ABDOMEN (SUPINE UPRIGHT AND 1 VIEW CHEST)	22
CR	CHEST ROUTINE PA AP AND LATERAL	22
CT	Abdomen^ROUTINE_AP_WO_Customized (Adult)	22
CR	XR CHEST SINGLE VW	22
CT	Thorax^CHEST_ABD_PELVIS_W (Adult)	22
CT	CARDIAC OP	21
DX	CHEST PORTABLE AP	21
DX	XR AP CHEST PORTABLE	21
CT	CT CHEST WO CONTRAST (LOW DOSE FOR NODULE FOLLOW UP)	21
DX	XR CHEST PICC 1 VIEW	20
CT	HIGH RES CHEST(Adult)	20
CT	CT CHEST WITH CONTRAST (PETCT)	20
CT	CT PULMONARY W/CONTRAST	20
CR	XR CHEST FOR FEEDING TUBE PLACEMENT 1V	20
CT	Vascular^3_PULMONARY_VEIN (Adult)	20
CT	CT P CHEST ABDOMEN PELVIS W	20
CT	CT CHEST ABDOMEN W CONTRAST (ROUTINE)	20
CR	DG CHEST 1V PORT	20
CR	XR LUMBAR SPINE 2-3 VIEWS	20
CT	CTA CHEST FOR PE	19
CT	CT CHEST PULMONARY ANGIOGRAM (ACUTE)	19
DX	ABDOMEN 1 VIEW	19
CR	XR KUB, FLAT PLATE, ABDOMEN 1 VIEW	19
CT	CT CHEST PELVIS W ABDOMEN WWO	19
CR	Ribs L	19
CT	CTA TRAUMA THORACIC AORTA W/O & W/ IV CONTRAST	19
CT	IR CT CHEST TUBE	19
CT	Cardiac^LA_MODEL (Adult)	19
CT	Head^HEAD_WO (Adult)	19
CT	Head^DE_CTA_HEAD_NECK (Adult)	19
CT	CT CT-Thorax for Pulmonary Embolism W/Cont	19
CT	CT ESOPHAGRAM	18
CT	CT CHEST LOW DOSE SCREENING	18
CR	XR CHEST 2 VIEWS PA AND LATERAL (S)	18
DX	<NONE>	18
CT	CTA CHEST W CONTRAST	18
CT	Abdomen^CT_AP_WO (Adult)	18
CT	Thorax^DE_CHEST_PE (Adult)	18
CT	CAP_WITH(Adult)	18
CT	Vascular^DISSECTION_CTA_CAP (Adult)	18
CR	XR RIGHT ANKLE 3+ VIEWS	18
CT	Thorax^CHEST_ABD_PELVIS_WO (Adult)	17
CR	XR RIGHT SHOULDER 2+ VIEWS	17
DX	XR LUMBAR SPINE 2-3 VIEWS	17
CR	XR CHEST 1V FRONTAL	17
DX	XR PORT CHEST 1V LINE PLCMNT - INITIAL ONLY	17
CT	Head^Perfusion (Adult)	17
MR	MRI CERVICAL SPINE W/O CONTRAST	17
CT	CT CHEST AND UPPER ABD WO	17
DX	XR CHEST AP ONLY	17
DX	X-RAY KNEE 3 VIEWS - LEFT	17
CT	CT PE CHEST	17
CT	CT CAP W CONTRAST	17
CT	CT Chest w/o IV Contrast	17
CT	CT CHEST ABDOMEN PELVIS W IV CON	17
DX	XR LEFT KNEE 3 VIEWS (PAIN/ARTHRITIS)	17
CT	CCTA HEART W CONTRAST+CT CHEST WO CONTRST-CT SURGERY	17
CR	XR CHEST 1 VIEW AP (S)	16
DX	XR RIGHT KNEE 3 VIEWS (PAIN/ARTHRITIS)	16
CT	Thorax^CTA_AAA_Customized (Adult)	16
DX	DX CHEST PORTABLE WITH AM ROUNDS 1 VIEW	16
CT	CT ANGIOGRAM PULMONARY W CONTRAST	16
DX	XR CERVICAL SPINE 2-3 VIEWS	16
CR	XR CHEST SINGLE VIEW PORTABLE	16
CR	CHEST, PA AND LAT	16
CT	CT CHEST WITH AND WITHOUT CONTRAST	16
CT	Abdomen^STONE (Adult)	15
CT	Head^CODE_STROKE (Adult)	15
DX	XR CHEST SINGLE VW	15
CT	CHEST_WITH(Adult)	15
CT	JCCI CT CHEST WITHOUT	15
DX	DX CXR 1 View-Post Procedure	15
CT	CT CARD CORONARY CALCM SCRE WO CON	15
DX	XR LEFT SHOULDER 2+ VIEWS	15
CT	Head^CTA_HEAD_NECK (Adult)	15
DX	XR CHEST PA/LATERAL	15
CR	XR LEFT SHOULDER 2+ VIEWS	15
CT	CT CORONARY CALCIUM SCORE	15
DX	X-RAY HIP UNILATERAL WITH PELVIS 2 OR 3 VIEWS - RIGHT	15
CT	Abdomen^DE_ROUTINE_AP_WITH_UNDER_50_Customized (Adult)	15
CT	CT ABD AND PELVIS WO CONTRAST-CS	14
MR	MR LUMBAR SPINE WITHOUT CONTRAST	14
CT	Thorax^ILD (Adult)	14
DX	X-RAY SHOULDER COMPLETE MIN 2 VIEWS - LEFT	14
DX	XR RIBS RIGHT WITH CHEST AP OR PA - SINGLE VIEW	14
CT	CTA CHEST (THORACIC DISSECTION) WWO CONTRAST	14
DX	X-RAY PELVIS 1 OR 2 VIEWS	14
CT	THORAX/ABDOMEN/PELVIS + CONT	14
MR	L-SPINE^GREENSBORO	14
CT	CT ABDOMEN/PELVIS WO IV CONTRAST	14
RF	FL PHARYNX/SWALLOWING EVAL WITH FLUORO	14
CT	CT PE PROTOCOL	14
CR	XR CHEST PORTABLE [CH]	14
CT	Thorax^PE_STUDY (Adult)	14
DX	XR LUMBAR SPINE AP AND LATERAL 2 OR 3 VIEWS	14
CR	CHEST,SINGLE VIEW	14
CT	CT CHEST ABDOMEN PELVIS W WO CONTRAST	13
CT	Thorax^LUNG_CANCER_SCRN_LOW_DOSE_CM (Adult)	13
CR	ABDOMEN 1 VIEW	13
CT	JOINY CT CHEST WO	13
DX	DX Chest Single View	13
DX	XR RIGHT KNEE 1-2 VIEWS	13
CT	CT ANGIO CHEST FOR PE	13
CT	LUNG LW DOSE_LUNG SCREEN(Adult)	13
CR	DXR: CHEST AP - PORTABLE	13
DX	X-RAY HIP UNILATERAL WITH PELVIS 2 OR 3 VIEWS - LEFT	13
CT	RADIATION ONCOLOGY CT TREATMENT PLAN	13
DX	XR LEFT FOOT 3+ VIEWS	13
CT	Thorax^CHEST_WITHOUT_Customized (Adult)	13
CT	Head^CODE_STROKE_Customized (Adult)	13
CT	CT LUNG CANCER SCREENING	13
CT	CT CHEST WITHOUT CONTRAST (S)	13
DX	XR LEFT HAND 3+ VIEWS	13
CR	XR CHEST PICC VERIFICATION	13
CT	CT CHEST ANGIOGRAM WITH IV CONTRAST	13
CR	XR RIGHT WRIST 3+ VIEWS	12
CT	Thorax^ROUTINE_CHEST_ABD_PEL_WITHOUT (Adult)	12
CR	XR RIBS LEFT WITH PA CHEST 3+ VW	12
CR	XR RIBS RIGHT WITH PA CHEST 3+ VW	12
MR	MR CERVICAL SPINE WITHOUT CONTRAST	12
DX	XR THORACIC SPINE 2 VIEWS	12
CT	CT ANGIO ABD AND PEL WWO IV CONT	12
DX	X-RAY HAND MINIMUM 3 VIEWS - RIGHT	12
CT	Pelvis^PELVIS_HIP (Adult)	12
DX	XR CHEST PA OR AP POST IR BIOPSY-SINGLE VIEW	12
DX	X-RAY CERVICAL SPINE 2 OR 3 VIEWS	12
CT	CT CHEST ANGIO W OR W AND WO IV CONTRAST	12
DX	X-RAY FOOT COMPLETE MINIMUM 3 VIEWS - RIGHT	12
CT	Abdomen^STONE_STUDY (Adult)	12
DX	X-RAY ANKLE COMPLETE MINIMUM 3 VIEWS - LEFT	12
CT	Abdomen^HEMATURIA_OVER_45 (Adult)	12
CT	CT Chest W/O Contrast	12
DX	XR LEFT WRIST 3+ VIEWS	12
CR	XR CHEST 1V LINE PLCMNT - INITIAL ONLY	12
CT	JCCI CT C/A/P	12
CT	Abdomen^ABD_WO_GR (Adult)	12
CT	CHEST PE(Adult)	12
CT	CHEST WO CONTRAST CT	12
CT	Thorax^CT_CAP_WITHOUT (Adult)	12
DX	X-RAY KNEE 1 OR 2 VIEWS - RIGHT	12
CT	CT ANGIOGRAM CHEST (S)	12
CR	XR LEFT HAND 3+ VIEWS	12
CT	CT ABD PELVIS(WITH CHEST IMAGES) WO IV CON	12
CT	CT CHEST PE PROTOCOL	11
CT	CT ABD PELVIS(WITH CHEST IMAGES) W IV CON	11
CT	CT HEAD W/O CM	11
DX	Adult Chest - 1 View	11
CT	Thorax^C_A_P_WO_GR (Adult)	11
CR	CHEST AP CENTRAL LINE PL PORTABLE	11
CT	CT ABDOMEN PELVIS WWO (UROGRAM)	11
MR	MR CARDIAC FUNCTION / MORPHOLOGY WITH AND WITHOUT CONTRAST	11
CT	JOIEN CT CHEST	11
CT	Thorax^CAP_WITH_Customized (Adult)	11
DX	CHEST PA AND LAT	11
CT	CT Thorax w/o Contrast	11
DX	XR RIGHT ANKLE 3+ VIEWS	11
CT	CTA CHEST AND ABDOMEN (THORACOABDOMNAL DISSECTION) WWO CONTRAST	11
CT	CT ABDOMEN/PELVIS WITH CONTRAST (PETCT)	11
CR	XR REFERENCE IMPORT	11
CR	XR CHEST 1 VIEW NOT PORTABLE	11
CT,PT	PET LYMPHOMA NON HODGK	11
CT,PT	PET LUNG CANCER OR PUL	10
CR	X-RAY BONE OUTSIDE IMAGE	10
CT	CT CERVICAL SPINE WITHOUT CONTRAST	10
CT	Thorax^FLASH_PE_Customized (Adult)	10
NM	NM MYOCARDIAL PHARM STRESS TEST	10
CT	Thorax^XL_CHEST_WITH (Adult)	10
DX	X-RAY THORACIC SPINE 2 VIEWS	10
CT	CT ABDOMEN PELVIS W CONTRAST	10
CT	CT CHEST WWO CONTRAST	10
CT	CT BODY OUTSIDE IMAGE	10
DX	PELVIS 1 OR 2 VIEWS	10
CT	Thorax^CTA_CAP (Adult)	10
MR	SPINE^L-SPINE	10
DX	XR RIGHT HIP 2-3 VIEWS (UNILATERAL) WITH PELVIS WHEN PERFORMED	10
CT	Thorax^FLASH_CAP_WO (Adult)	10
CR	ACUTE ABDOMINAL SERIES	10
DX	XR CHEST 1 VIEW AP (S)	10
CR	ABDOMEN SUPINE KUB	10
DX	XR CHEST/ABDOMEN 1 VIEW FOR FEEDING T	10
CR	Ribs R	10
CR	XR LEFT ANKLE 3+ VIEWS	10
CT	Abdomen^ROUTINE_ABD_PEL_WITHOUT (Adult)	10
CT	CT ABDOMEN PELVIS WWO CONTRAST (ISCHEMIA)	10
DX	XR RIGHT SHOULDER 2+ VIEWS	10
CT	CT ANGIO CHEST	10
CR	CHEST - 2 VIEW	10
CR,DX	XR PORT CHEST 1V	10
CR	XR RIGHT FOOT 3+ VIEWS	10
CR	CHEST	10
CT	CT CHEST W IVCON PE	9
DX	X-RAY KNEE 1 OR 2 VIEWS - LEFT	9
DX	X-RAY WRIST COMPLETE MINIMUM 3 VWS - LEFT	9
CR	<NONE>	9
CT	CT Thorax W/O Contrast	9
CT	CT ABD PELVIS WITH CONTRAST-CS	9
CT	CT CHEST W O CONTRAST	9
CT	Thorax^CHEST_LOW_DOSE_NODULE_FUP_WO (Adult)	9
DX	X-RAY FOOT COMPLETE MINIMUM 3 VIEWS - LEFT	9
CT	Abdomen^12_CTA_CAP (Adult)	9
CT	Abdomen^4_BOWEL_ISCHEMIA (Adult)	9
CR	ABD SERIES FLAT AND ERECT PORTABLE	9
CR	XR Chest  PA/LAT	9
CR	LUMBAR SACRAL SPINE 2/3 VIEWS	9
CT	Vascular^THORACIC_DISSECTION_CTA (Adult)	9
CR	XR CHEST AP 1V	9
CT	CHEST PE IP	9
CR	XR CHEST 1 VW [CH]	9
CT	CT CHEST ABDOMEN PELVIS W CONTRAST (PANCREAS)	9
CT	CT CHEST WO IVCON	9
CT	CT UROGRAM	9
CT	Abdomen^urogram_gr (Adult)	9
CT	CT PULMONARY W/CONTRAS	9
CT	CTA CHEST W/O & W IV CON	9
CR	PENN IMAGE EXCHANGE IMPORT	9
DX	XR RIGHT HAND 3+ VIEWS	9
CT	JHN CHEST WO OP	9
DX	XR RIBS, RIGHT	9
CT	Thorax^NEWHIRES_WO_GR_2019 (Adult)	9
CT	CT ABDOMEN/PELVIS ANGIO W OR W AND WO IV CONTRAST	9
CT	CAP IV IP	9
CR	XR RIGHT KNEE 3 VIEWS (PAIN/ARTHRITIS)	9
CR	XR LEFT WRIST 3+ VIEWS	9
CR	XR RIBS BILATERAL WITH CHEST - 1 VIEW	9
MR	MRI ABDOMEN + PELVIS WO/W CONTRAST	8
CT	Thorax^CHEST_WITH_Customized (Adult)	8
CR	XR RIGHT KNEE 1-2 VIEWS	8
DX	ABDOMEN 1 VW(PORTABLE) - FEEDING (NG/PEG) TUBE CHK WO INJ BY RAD	8
CT	CT CAP WO CONTRAST	8
CT	Abdomen^ABDOMEN_PELVIS_WO_ROUTINE (Adult)	8
CR	Abdomen acute series	8
CT	CT TRAUMA T-SPINE RECONSTRUCT (RAD ONLY)	8
CT	CT CHEST LUNG CANCER S	8
DX	XR RIGHT HAND 1-2 VIEWS	8
DX	XR LEFT HIP 2-3 VIEWS (UNILATERAL) WITH PELVIS WHEN PERFORMED	8
CT	JCCI CT CAP COMB	8
CT	CT THORAX WITHOUT CONTRAST	8
DX	X-RAY HAND MINIMUM 3 VIEWS - LEFT	8
CT	CT ABDOMEN PELVIS W CONTRAST(PANCREAS)	8
CT	CHEST IV IP	8
DX	X-RAY HAND 2 VIEWS - LEFT	8
DX	XR CHEST 2 VIEWS PA AND LATERAL (S)	8
CT	Abdomen^ROUTINE_AP_WITH_OVER_50_OVER_250_Customized (Adult)	8
CR	XR ABDOMEN COMPLETE W UPRIGHT CHEST	8
CT	CT CHEST ABDOMEN WO CONTRAST (ROUTINE)	8
CR	CR DIAG-CHEST PA OR AP	8
CT	CT ABDOMEN W CONTRAST (ROUTINE)	8
CT	CT FACE SINUSES W CONTRAST	8
DX	XR RIGHT WRIST 3+ VIEWS	8
CT	CT CHEST/ABD/PELV W CONTRAST	8
CT	CT ANGIOGRAM ABDOMEN/PELVIS WITH AND WITHOUT CONTRAST	8
DX	XR CHEST 4+ VW	8
CT	CTA CHEST WAND WITHOUT C AND RECONS	8
CR	DX CXR 1 View-Post Procedure	8
CT	CTA CHEST	8
CT	UROGRAM OVER 35(Adult)	8
MR	MR BRAIN WITHOUT CONTRAST	8
CT	PETCT LIMITED VERTEX TO MID THIGH	8
CR	XR LEFT CLAVICLE	8
CT	CT ANGIOGRAPHY HEAD	8
CT	CT THORAX WO CONTRAST	8
CT	CT Chest w/ IV Contrast	7
DX	X-RAY HAND 2 VIEWS - RIGHT	7
NM	NM LUNG VENTILATION/PERFUSION SCAN	7
MR	MRI CERVICAL SPINE WO/W IV CONTRAST	7
CR	XR LEFT HAND 1-2 VIEWS	7
US	US KIDNEY COMPLETE	7
CR	FOOT RIGHT COMPLETE MIN 3 VIEWS	7
CT	CT ABDOMEN/PELVIS WITH AND WITHOUT CONTRAST	7
CR	XR THORACIC SPINE 2 VIEWS	7
DX	X-RAY HIPS BILATERAL WITH PELVIS 2 VIEWS	7
CR	CHEST 1V FOR PLACEMENT DX NO	7
CT	JHN CAP W IP	7
CT	Head^CODE_STROKE_CTA_WITH_PERFUSION_WS (Adult)	7
MR	MRI KNEE WITHOUT CONTRAST - LEFT	7
DX	XR LEFT ANKLE 3+ VIEWS	7
DX	X-RAY FOOT 2 VIEWS - RIGHT	7
DX	X-RAY ANKLE COMPLETE MINIMUM 3 VIEWS - RIGHT	7
CT	Head^BRAIN_LAB_HEAD (Adult)	7
CR	CHEST PA/LT	7
US	US PELVIC TRANSABD/TRANSVAG COMBINATION	7
CR	X-RAY LUMBOSACRAL SPINE 2 OR 3 VIEWS	7
CT	CT CHEST WO IV CONTRAST LUNG PARENCHYMA	7
CT	CT PELVIS WO CONTRAST (ROUTINE)	7
CT	ABDOMEN PELVIS WO(Adult)	7
DX	XR REFERENCE IMPORT	7
CR	XR RIGHT HAND 1-2 VIEWS	7
MR	MR CERVICAL SPINE WITH AND WITHOUT CONTRAST	7
CT	JCCI CT LUNG SCREENING	7
CT	CT NECK/THYROID W CONTRAST	7
CT	Thorax^ROUTINE_CHEST_HR (Adult)	7
DX	XRAY CHEST FRONTAL AND LATERAL VIEWS	7
CT	Cardiac^LAMODELTEST (Adult)	7
DX	XR LEFT HAND 1-2 VIEWS	7
CR	XR CHEST PA LATERAL W BOTH OBLIQUE PROJECTIONS	7
XA	FL C-ARM (PAIN MANAGMENT ONLY)	7
DX	X-RAY KNEE COMPLETE 4 OR MORE VIEWS - RIGHT	7
DX	XR ABDOMEN COMPLETE W CHEST	7
CT	Thorax^CTA_CHEST_ABDOMEN (Adult)	7
DX	XR RIBS, BILATERAL	7
CT	Head^DE_CTA_HEAD_NECK_Customized (Adult)	7
CR	XR CHEST 4+ VW	7
DX	CHEST 1 VIEW PA OR AP	7
CR	XR RIGHT HAND 3+ VIEWS	7
MR	MR CHOLANGIOPANCREATOGRAPHY	7
CR	XR LEFT KNEE 1-2 VIEWS	7
CR	Bilateral Ribs	7
MR	MR TOTAL SPINE WITH AND WITHOUT CONTRAST	7
MR	MR SPINE CERVICAL WO CONTRAST	7
DX	XR RIBS LEFT WITH CHEST AP OR PA - SINGLE VIEW	7
CR	XR CHEST AP PA LATERAL AND APICAL LORDOTIC 3 VW	7
CT	CT CHEST ANGIOGRAPH W IV CONTRAST PULMONAR EMBOLISM	6
CT	Pelvis^CT_PELVIS_WITH (Adult)	6
CT	CT CHEST OUTSIDE IMAGE	6
DX	X-RAY FOOT 2 VIEWS - LEFT	6
DX	XR LEFT KNEE 4+ VIEWS (NON-TRAUMA, PAIN/ARTHRITIS)	6
DX	X-RAY ESOPHAGUS DOUBLE CONTRAST W/CXR1V	6
CT	PETCT FDG VERTEX TO TOES (NON DIAGNOSTIC CT)	6
CT	Head^FACE_WITHOUT_Customized (Adult)	6
US	US ABDOMEN LIMITED	6
US	IR CHEST TUBE PLACEMENT (ORERABLE BY IR SERVICE ONLY)	6
CT	Head^FACE_WITHOUT (Adult)	6
DX	XR RIGHT FOOT 1-2 VIEWS	6
CT	CT ABDOMEN/PELVIS WITH CONTRAST (S)	6
DX	XR RIBS INCLUDING PA CHEST XR, RIGHT	6
CR	PELVIS 1 OR 2 VIEWS	6
CT	JHN CHEST OP	6
DX	XR RIBS INCLUDING PA CHEST XR, LEFT	6
CT	CT ANGIOGRAM CHEST PULMONARY EMBOLISM W CONTRAST	6
CT	CT ANGIOGRAPHY CHEST	6
CT	JCCI CT CHEST ENHANCED	6
CT	Neck^DE_CTA_NECK (Adult)	6
CT	CT CARD W/CON PULMNARY VEIN	6
CT	CHEST PULMONARY EMBOLISM CTA	6
DX	XR SCOLIOSIS STUDY 2 OR 3 VIEWS	6
CT	CHEST OP	6
CT	CHEST IP	6
CT	CT CHEST ABDOMEN PELVIS W/O IV CON	6
CT	Head^Maxillofacial1 (Adult)	6
CT	NM MYOCARDIAL PHARM STRESS TEST	6
DX	XR CHEST 2 VIEW (PA,LAT)	6
MR	C-SPINE^GREENSBORO	6
DX	XR LEFT KNEE 1-2 VIEWS	6
CT	Vascular^CTA_HEAD (Adult)	6
CR	XR CHEST 2 VIEW (PA,LAT)	6
CR	XR CHEST 2 VIEWS FRONTAL & LATERAL	6
CR	XRAY CHEST PORTABLE	6
CT	Abdomen^ROUTINE_AP_WITH_UNDER_50_OVER_250_Customized (Adult)	6
CT	Abdomen^HEMATURIA_GR_OVER45 (Adult)	6
CR	XR CHEST AP/PA ONLY 1 VIEW	6
MR	MRI BONE OUTSIDE IMAGE	6
CT	CT P CHEST W	6
MR	MRI ABDOMEN WO/W CONTRAST	6
CT	Abdomen^DE_ROUTINE_AP_WITH_OVER_50 (Adult)	6
CT	Thorax^LUNG_CANCER_SCREENING_CHEST_WO (Adult)	6
DX	PENN IMAGE EXCHANGE IMPORT	6
CT	CT LUNG SCREEN WO CONTRAST	6
DX	FOOT LEFT COMPLETE MIN 3 VIEWS	6
CT	Thorax^PEDS__CAP_WITH (Child)	6
CT	Vascular^CH03C_FLASH_CHST_W_PE (Adult)	6
DX	ABDOMEN SUPINE KUB	6
CT	Thorax^XL_CHEST_WO_Customized (Adult)	6
MR	MR LUMBAR SPINE WITH AND WITHOUT CONTRAST	6
CR	XR LEFT FOOT 1-2 VIEWS	6
CT	Thorax^XL_CAP_WITH (Adult)	6
CR	XR LEFT HUMERUS	6
CT	Abdomen^urogram_STONE_gr (Adult)	6
CR	XR CHEST 2V FRONTAL/LAT	6
DX	X-RAY BONE OUTSIDE IMAGE	6
CR	XR AP CHEST PORTABLE	6
CT	CT STONE STUDY(Adult)	6
CT	CAP COMBO IP	6
CT	CT HEAD WO(Adult)	6
DX	Chest PA+LAT	6
CT	Thorax^HI_RES (Adult)	6
MR	MRI KNEE WITHOUT CONTRAST - RIGHT	6
CT	TAVR OP	6
CR	XR RIGHT FOOT 1-2 VIEWS	6
DX	XRAY CHEST FRONTAL VIEW	6
CT	CT PELVIS WO CONTRAST (CYSTOGRAM)	6
CR	XR LEFT KNEE 3 VIEWS (PAIN/ARTHRITIS)	6
CR	XR CERVICAL SPINE 1 VIEW	6
DX	DG CHEST 2V	6
CT	CT PELVIS W CONTRAST (ROUTINE)	6
CR	XR CHEST 1 VIEW POSTEROANTERIOR	6
DX	X-RAY SACRUM AND COCCYX MINIMUM 2 VIEWS	5
CT	CT HEAD WWO CONTRAST	5
DX	XR RIBS, LEFT	5
DX	XR LEFT ELBOW 3+ VIEWS	5
CT	CT HEAD W CONTRAST	5
DX	HIP COMPLETE LEFT MIN 2 VWS	5
DX	XR RIGHT FOREARM 2 VIEWS	5
CT	CT ABDOMEN PELVIS WO C	5
CT	CT CHEST WITH CONTRAST (S)	5
CT	Thorax^FLASH_CTA_CHEST (Adult)	5
CT	Thorax^PEDS__CHEST_WITHOUT (Child)	5
CT	CT CHEST WITH AND WITHOUT CONTRAST (S)	5
CR	DX Chest (2 Views)	5
CT	CT ABDOMEN PELVIS WWO CONTRAST	5
CR	XR LEFT KNEE 4+ VIEWS (NON-TRAUMA, PAIN/ARTHRITIS)	5
DX	KNEE 3 VIEWS RIGHT	5
CT	CT HEART CALCIUM SCORE WITHOUT CONTRAST	5
CT	CT HEART FOR CONGENITAL HEART DISEASE	5
CT	Thorax^LOW_DOSE_CHEST_UNDER_30_BMI (Adult)	5
DX	X-RAY LUMBOSACRAL SPINE MINIMUM 4 VIEWS	5
US	TRANSESOPHAGEAL ECHO	5
DX	X-RAY ENTIRE SPINE SCOLIOSIS 2 OR 3 VIEWS	5
CT	CT CHEST W, ABDOMEN PELVIS WWO	5
DX	ACUTE ABDOMINAL SERIES	5
CT,PT	PET MULTIPLE MYELOMA (	5
DX	XR CHEST PA LAT 2V	5
CR	Chest 2 Views Frontal and Lat	5
CT,PT	PET LUNG CANCER OR PULMONARY NODULE (W/LOW DOSE CT)	5
CR	X-RAY SHOULDER COMPLETE MIN 2 VIEWS - LEFT	5
DX	XR CHEST PA AND LATERAL 2 VIEWS	5
MR	MRI HIP WITHOUT CONTRAST-RIGHT	5
CR	CHEST - 2 VIEWS	5
CR	CH-CHEST 1V CR	5
CT	Head^HEAD_Routine (Adult)	5
DX	XR LUMBAR SPINE 4+ VIEWS	5
PT	PETCT FDG VERTEX TO MID THIGH (NON DIAGNOSTIC CT)	5
CT	CT CERVICAL SPINE WO IV CONTRAST	5
CT	CT P CHEST WO	5
DX	XR LEFT HIP 1 VIEW PORTABLE	5
CT	CT BRAIN WITHOUT CONTRAST (S)	5
CT	Vascular^CT_PE (Adult)	5
CR	CHEST PA	5
CT	CTA CHEST FOR PULMONARY EMBOLUS WITH CONTRAST	5
MR	SPINE^C-SPINE	5
CR	HAND RIGHT 3 VIEWS MIN	5
CT	CT CHEST W IVCON	5
CT	CT ANGIOGRAM HEART CORONARY ARTERIES WITH CONTRAST	5
CT	CT ANGIOGRAM FOR PULMONARY EMBOLISM [CH]	5
CT	Thorax^XL_CAP_WO (Adult)	5
MR	MR BRAIN WITH AND WITHOUT CONTRAST (S)	5
MR	MRI SHOULDER WO CONTRAST - RIGHT	5
CT	ABDOMEN PELVIS WITH(Adult)	5
CT	JOINY CT CHEST LUNG SCREEN	5
CR	FOOT LEFT COMPLETE MIN 3 VIEWS	5
CT	CT CT PULMONARY ANGIOGRAPHY	5
CT	LCMC CT CHEST PE PROTOCOL	5
MR	MR ABDOMEN/PELVIS WITH AND WITHOUT CONTRAST	5
CT	CT CT-CHEST W/O CONTRAST	5
CT	JOIEN CT C/A/P	5
CT	Abdomen^12_CTA_AAA (Adult)	5
DX	RM CHEST PA AND LEFT LATERAL ONLY	5
DX	X-RAY CERVICAL SPINE MINIMUM 4 VIEWS	5
CR,DX	XR CHEST PA/LATERAL	5
CT	CHEST WO OP	5
DX	Port - CXR	5
DX	CHEST	5
DX	XR RIGHT KNEE 4+ VIEWS (TRAUMA)	5
CT	CAP IP	5
CT	BRAIN W/WO CONTRAST (CT)-CS	5
CT	CHEST	5
DX	X-RAY ELBOW COMPLETE MIN 3 VWS - RIGHT	5
CT	CT ABD-PELV W/ CM	5
CT	CALCIUM SCORING(Adult)	5
CT	PETCT FDG VERTEX TO MID THIGH (NON DIAGNOSTIC CT)	5
CT	CTA ABDOMEN PELVIS WWO CONTRAST (AORTA)	5
CT	CT ER Chest w IV Contrast	5
DX	XR RIGHT KNEE 4+ VIEWS (NON-TRAUMA, PAIN/ARTHRITIS)	5
CT	Head^DE_CTA_NECK_Customized (Adult)	5
CT	THORAX PE + LOW DOSE	5
CT	CT ABD/PEL RENAL STONE LOW DOSE W/O CONTRAST	5
CR	LCMC XR CHEST AP PA LATERAL 2 VW	5
CT	CT HEAD (BRAINLAB) WO CONTRAST PRE-OP	5
CT	Abdomen^ABD_PELVIS_WITH (Adult)	5
DX	Unspecified DX PORT CHEST	5
DX	X-RAY ELBOW 2 VIEWS - RIGHT	4
DX	XR ABDOMEN 1 VW	4
DX	XR CHEST AP 1V PORTABLE	4
CT	CT Abdomen and Pelvis W/ Contrast	4
CR	XR CHEST SINGLE VIEW - LINE PLACEMENT	4
RF	FL ESOPHAGRAM	4
CT	Vascular^DISSECTION_CAP_CTA (Adult)	4
DX	XR CHEST LATERAL ONLY	4
CR	XR CHEST PA LAT 2V	4
MR	MRI ABDOMEN W/O CONTRAST	4
CR	POST IR CHEST XRAY-CS	4
CT	Vascular^PULMONARY_VEIN_STUDY (Adult)	4
CT	CTA CHEST ABDOMEN PELVIS ANGIO	4
CT	Thorax^CHEST_WITHOUT_WITH_HI_RES_CUTS (Adult)	4
MR	MRI LUMBAR SPINE WO/W IV CONTRAST	4
CT	Abdomen^CTA_ILLIOFEMORAL_RUN_OFF (Adult)	4
DX	XR LEFT SHOULDER 1 VIEW	4
CT,PT	PET ENDOMETRIAL OR CER	4
MR	MRI ELBOW W/O CONTRAST-LEFT	4
CR	XR CHEST 1 VIEW (AP OR PA)	4
CR	PORTABLE CHEST - 1 VIEW	4
MR	<NONE>	4
CT	Head^Maxillofacial (Adult)	4
MR	MRI THORACIC SPINE WO/W IV CONTRAST	4
DX	XR KNEE LT 3 VIEWS	4
CT	Head^CT_MAXILLOFACIAL_WITH (Adult)	4
CT	CT CHEST ABDOMEN AND PELVIS WO CONTRAST	4
US	US ABDOMEN LIMITED (S)	4
CT	CT THORAX W CONTRAST	4
DX	XR CERVICAL SPINE 2-3 VIEWS WITH FLEXION EXTENSION	4
CR	XR CHEST 2 VIEWS WITH OBLIQUES	4
CR	XR ABDOMEN (W/UPRIGHT)	4
DX	Chest 2 Views Frontal and Lat	4
CR	ADULT CHEST - 1 VIEW	4
MR	MRI CARDIAC WO/W CONTRAST	4
MR	MRI BREAST BILATERAL WO/W CONTRAST	4
MR	L-SPINE^ROUTINE	4
PT	PETCT LIMITED VERTEX TO MID THIGH	4
CT	CT CARDIAC CHEST W/ (ROBOTIC & CORONARY)	4
CT	CT Chest W/ Contrast	4
CT	CT CARD W/CON CORONARY ARTRY/VEIN CTA	4
CT	Thorax^CAP_WITHOUT_Customized (Adult)	4
CT	Vascular^THORACIC_ANEURYSM_CTA (Adult)	4
CT	CT ANGIOGRAM HEAD NECK W CONTRAST	4
CT	Unspecified CT CHEST	4
CT	CT CHEST WITHOUT CONTRAST (PETCT)	4
DX	XR CHEST DECUBITUS VIEWS, LEFT	4
CR	PORT - CXR	4
CT	CT L-SPINE W/O IV CONTRAST	4
CR	ABDOMEN 1 VW(PORTABLE) - FEEDING (NG/PEG) TUBE CHK WO INJ BY RAD	4
CR	SHOULDER 3 VIEWS LEFT	4
CT	Thorax^CT_CA_WITH (Adult)	4
CT	CT HEART WITH CONTRAST	4
CT	CT CHEST W/O- LOW DOSE (LUNG CANCER SCREENING)	4
CT	CT ABDOMEN WITHOUT CONTRAST	4
CT	Thorax^LOW_DOSE_NODULE_FU_WO_CM (Adult)	4
CT	CT ABD AND PELVIS WITH IV CONTRAST	4
MR	MRI PELVIS SOFT TISSUE WO/W CONTRAST	4
CT	Thorax^LOW_DOSE_LUNG_OVER_30_BMI (Adult)	4
DX	CXR	4
CR	XR RIBS RIGHT - 2 VIEWS	4
CT	CT ABDOMEN W AND WO IV CONTRAST	4
CR	ABDOMEN 1 VIEW KUB	4
CR	XR RIGHT CALCANEUS 2 VIEWS	4
CT	Thorax^LOW_DOSE_CHEST_OVER_30_BMI (Adult)	4
MR	MR ABDOMEN WITH AND WITHOUT CONTRAST	4
CT	CT HEAD (BRAINLAB) W CONTRAST PRE-OP	4
DX	X-RAY KNEE COMPLETE 4 OR MORE VIEWS - LEFT	4
CR	XR RIGHT FINGERS	4
CR	XR RIGHT FOREARM 2 VIEWS	4
CR	XRAY CHEST ONE VIEW	4
DX	XR RIGHT KNEE 3 VIEWS	4
CR	XRAY CHEST 1 VIEW	4
CT	CT ABDOMEN AND PELVIS	4
CR	XR EG TUBE PLACEMENT	4
DX	CHEST AP AM SERVICE ICU	4
DX	XR LEFT FOOT 1-2 VIEWS	4
CT	Thorax^CTA_CHEST_THORACIC_DISSECTION (Adult)	4
CT	CHEST W/WO CONTRAST (CT)-CS	4
CT,PT	PET LYMPHOMA NON HODGKINS (W/LOW DOSE CT)	4
DX	X-RAY WRIST COMPLETE MINIMUM 3 VWS - RIGHT	4
MR	MRI HIP WITHOUT CONTRAST-LEFT	4
MR	MR THORACIC SPINE WITH AND WITHOUT CONTRAST	4
CT	Thorax^XL_CTA_CHEST (Adult)	4
CR	XR KUB 1V PORTABLE	4
CT	JHN CAP W/WO IP	4
CT	CT Thorax w/ Contrast	4
CT	CHEST WO IP	4
CT	Thorax^PEDS__CHEST_WITH (Child)	4
CR	CHEST 1 VIEW PA/AP	4
CT	Thorax^TRAUMA_CHEST_ABD_PEL_WITH (Adult)	4
CR	SOFT TISSUE NECK	4
CT	CT ABDOMEN/PELVIS WITHOUT CONTRAST (S)	4
CT,PT	PET MULTIPLE MYELOMA (W/LOW DOSE CT)	4
CT	JOINY CT C/A/P COMBO	4
CR	XR LEFT TIBIA FIBULA 2 VIEWS	4
XA	C-ARM FLUOROSCOPY UP TO 2 HOURS	4
CT	JHN CHEST W/ OP	4
CT	JOINY CT C/A/P WITH	4
CT	CT T-SPINE W/O IV CONTRAST	3
CT	CT CHEST-ABD-PELV W/ CM	3
DX	XR KUB UPRIGHT, ABDOMEN 1 VIEW	3
CR	CHEST PORT LINE PLACEMENT	3
CT	Head^STEALTH_Sinuses (Adult)	3
CT	CTA CERVICAL CAROTIDS-CS	3
CT	CT SPINE CERVICAL WO CONTRAST	3
CT	CTA CHEST ABDOMEN PELVIS W/O & W IV CON	3
CR	Chest Post Line/Tube/ETT Init	3
CT	CT CHEST, ABDOMEN & PELVIS W CONTRAST	3
CT	CT SINUSES WITHOUT CONTRAST	3
CT	CT HEAD (PERFUSION ONLY)	3
CT	Head^CTA_HEAD (Adult)	3
CR	CHEST PA AND LAT	3
DX	XR CHEST DECUBITUS VIEWS, RIGHT	3
US	US ABDOMEN COMPLETE (S)	3
CT	CT UROGRAPHY	3
CT	CTA Chest W Embolus	3
CT	CT HEART W CONTRAST- LEFT ATRIUM AND PULMONARY VEINS	3
US	US LOWER EXTREMITY VENOUS DUPLEX LTD	3
CT	CTA ABDOMEN WWO CONTRAST (AORTA)	3
CT	CTA CHEST WITH CONTRAST - PE PROTOCOL	3
CT	CTA CHEST WITH CONTRAS	3
CT	CT FACE/SINUSES (BRAINLAB) WO CONTRAST	3
CT	CT CHEST WO AND W CONTRAST	3
CT	CT LUMBAR SPINE WITH CONTRAST	3
CT	Cardiac^CORONARY_PROSPECTIVE_MORE_PAD (Adult)	3
CT	CT CHEST WO CONT	3
CT	CT LUNG NODULE F/U	3
DX	XR LEFT FOREARM 2 VIEWS	3
CT	CT Chest/Abd/Pelvis W/Contrast	3
CT	CT THORAX WITH CONTRAST	3
CT	CT P ANGIO CHEST WWO	3
CR	CR XR PORTABLE FEEDING TUBE X-RAY	3
CT	Cardiac^TAVR_BOLUSTRACKAdult (Adult)	3
CT	CT CHEST WO CONTRAST OP	3
CT	DE ABDOMEN PELVIS(Adult)	3
CT	DUAL ABDOMEN(Adult)	3
CT	Head	3
CR	Chest  1 View	3
CT	CTA CHEST AND CT ABDOMEN AND PELVIS W CONT	3
CT	CT CHEST W/O CM	3
CT	CAP_WO(Adult)	3
CT	CT CHEST NO IVCON	3
CR	XR PUI CHEST 1 VIEW	3
CT	Thorax^FLASH_CHEST_WITH (Adult)	3
CR	XR RIGHT TIBIA FIBULA 2 VIEWS	3
CT	Thorax^HI_RESOLUTION_CHEST (Adult)	3
CR	XR RIGHT ELBOW 3+ VIEWS	3
CR	XR RIBS LEFT -  2 VIEWS	3
MR	MR HEART HCM WITH AND WITHOUT CONTRAST	3
MR	MR HEART WITH AND WITHOUT CONTRAST	3
CR	XR PELVIS 1 VIEW	3
CT	Vascular^CTA_CHEST_GR (Adult)	3
DX	HIP COMPLETE RIGHT MIN 2 VWS	3
MR	MR PROSTATE WITH AND WITHOUT CONTRAST	3
CT	Thorax^TRAUMA_CHEST_ABD_PEL (Adult)	3
CR	XR LEFT KNEE 4+ VIEWS (TRAUMA)	3
CR	XR LEFT ANKLE 2 VIEWS	3
MR	MR THORACIC SPINE WITH AND WITHOUT CONTRAST (S)	3
CR	XR FOOT RIGHT (ROUTINE: AP,LAT,OBL)	3
CR	XR SPINE LUMBAR (AP+LAT)	3
MR	MR BRAIN WITHOUT CONTRAST (S)	3
CR	XR WRIST LEFT (ROUTINE: AP,LAT,OBL)	3
CR,DX	XR CHEST PA AND LATERAL	3
DX	X-RAY BONE LENGTH STUDIES	3
CT	Abdomen^ROUTINE_AP_WO (Adult)	3
CT	Abdomen^ROUTINE_AP_WITH_UNDER_50_OVER_250 (Adult)	3
DX	X-RAY ABDOMEN POST TUBE PLACEMENT	3
MR	ABD^GENERIC ABD	3
CT	Abdomen^GH_AbdomenPlain (Adult)	3
CT	Abdomen^ENTEROGRAPHY_GR (Adult)	3
XA	C-ARM FLUOROSCOPY UP TO 1 HOUR	3
CT	Abdomen^ABD_PELVIS_WITHOUT (Adult)	3
CT	Abdomen^AB20_LOWER_GIB (Adult)	3
CT	Thorax^CTA_CAP_Customized (Adult)	3
CT	Abdomen^6_DUAL_PHASE (Adult)	3
DX	XR LEFT KNEE 3 VIEWS	3
CT	Abdomen^10_LOW_DOSE_STONE_STUDY (Adult)	3
CT	Thorax^CT_CHEST_LOW_DOSE_NODULE_WO (Adult)	3
MR	MR TOTAL SPINE WITHOUT CONTRAST	3
CR	XR Chest 1V.	3
CT	C/A/P IP	3
DX	ADULT CHEST - 1 VIEW	3
MR	MRI PROSTATE WO/W CONTRAST	3
MR	MRI SHOULDER WO CONTRAST - LEFT	3
CR	X-RAY CERVICAL SPINE 2 OR 3 VIEWS	3
MR	MRI SPINE SURVEY WO/W IV CONTRAST	3
MR	MRI THORACIC SPINE W/O CONTRAST	3
DX	0	3
CR	THORACIC SPINE 3 VIEWS	3
CR	ABDOMEN SERIES FLAT AND ERECT	3
CR	XR CHEST/ABDOMEN 1 VIEW FOR FEEDING T	3
DX	ANKLE LEFT MIN 3 VIEWS	3
NM	LUNG PERFU SION IMAGING	3
DX	Abdomen	3
CR	RA Chest 1 View Frontal	3
NM	NUC MED BONE/JOINT IMAGING WHOLE BODY	3
DX	CHEST 2 VIEWS DX	3
CR	LUMBAR SACRAL SPINE 2 OR 3 VIEWS (ROUTINE)	3
CR	X-RAY FOOT COMPLETE MINIMUM 3 VIEWS - RIGHT	3
MR	MRI PELVIS BONE W/O CONTRAST	3
CR	X-RAY HAND MINIMUM 3 VIEWS - LEFT	3
CR	X-RAY HIP UNILATERAL WITH PELVIS 2 OR 3 VIEWS - LEFT	3
CR	HIP LEFT 2 VIEWS LATERAL AND AP PELVIS (ROUTINE)	3
CR	HIP RIGHT 2 VIEWS LATERAL AND AP PELVIS (ROUTINE)	3
CT	Vascular^Pre_AAA_STENT_ (Adult)	3
MR	MRI BRAIN, MRA BRAIN, MRA NECK - WITHOUT AND WITH CONTRAST	3
CR	KNEE 3 VIEWS RIGHT	3
DX	DX	3
PT	PET CT FDG IMAG SKULL TO THIGH	3
DX	DG RIBS BILAT 3V	3
DX	DCUABDNGPL	3
CR	ABDOMEN SERIES-NO CHEST-CS	3
CT,PT	NM PET CANCER ANY SITE	3
CR	X-RAY WRIST COMPLETE MINIMUM 3 VWS - RIGHT	3
CT,PT	PET BREAST CANCER (W/LOW DOSE CT)	3
CR	X-RAY KNEE COMPLETE 4 OR MORE VIEWS - RIGHT	3
CT,PT	PET LYMPHOMA HODGKINS (W/LOW DOSE CT)	3
CT	Abdomen^XL_AP_WITH (Adult)	3
CT	Thorax^CTA_CHEST_Adult_Customized (Adult)	3
CT	CTA ABDOMEN AND PELVIS	3
CT	PET DEDICATED RUBIDIUM REST/STRESS MYOCARDIAL PERFUSION	3
DX	XR SPINE LUMBAR (AP+LAT)	3
DX	XR LUMBAR SPINE FLEXION AND EXTENSION ONLY	3
US	US SOFT TISSUE HEAD/NECK	3
CT	CHEST OP CARDIAC	3
DX	XR NICU ABD/CHEST 1 VIEW	3
CT	KIDNEY PROTOCOL(Adult)	3
DX	XR RIGHT ELBOW 3+ VIEWS	3
CT	JCCI CT CHEST PE	3
RF	FLUOROSCOPY CHEST W/SNIFF	3
CT	JCCI CT CHEST/PELVIS	3
DX	X-RAY HIPS BILATERAL WITH PELVIS 3 OR 4 VIEWS	3
DX	X-RAY HIPS BILATERAL WITH PELVIS MINIMUM 5 VIEWS	3
CT	CT Abd/Pelvis W/ IV + Oral Contrast	3
CT	CHEST/ABD-PEL IV IP	3
CT	CT ABD-PELV W/O CM	3
DX	XR RIGHT HUMERUS	3
DX	XR RIGHT HIP 2+ VIEWS ORTHOPEDICS PRE OPERATIVE	3
CT	JHN CAP OP	3
CT	CT ABDOMEN PELVIS W CONTRAST (ENTEROGRAPHY)	3
DX	XR RIGHT ANKLE 2 VIEWS	3
DX	chest	3
CT	CT ABDOMEN W CONTRAST (CIRRHOSIS)	3
CT	CT ABDOMEN/PELVIS WITH AND WITHOUT CONTRAST (S)	3
CT	CT ABDOMEN W IV CONTRAST	3
DX	X-RAY SHOULDER 1 VIEW - RIGHT	3
CT	PE IP	3
DX	XR SACRUM AND COCCYX	3
CT	CT CHEST ABDOMEN AND PELVIS W CONTRAST	3
US	IR PLCMT TUNNELED CATH	3
CT	CT CHEST ILD	3
DX	XR CHEST 2 VIEWS, FRONTAL AND LATERAL XR CHEST 2 VIEWS, FRONTAL AND LATERAL	3
CT	THORAX + CONT	3
CR	CHEST 1 VIEW PA OR AP	3
DX	XR THORACIC SPINE AP AND LATERAL	3
CT	CAP IV OP	3
CT	CT CHEST ANGIOGRAPHY W IV CONTRAST PULMONARY EMBOLISM	3
DX	XR STERNUM PA AND LATERAL	3
DX	X-RAY FEMUR MINIMUM 2 VIEWS - LEFT	3
CT	CT ABDOMEN WO CONTRAST (ROUTINE)	3
CR	DX CHEST PORT LINE/TUBE PLCMT 1 EXAM	3
DX	XR CERVICAL SPINE 4-5 VIEWS	3
CT	Head^HEAD_FAST (Adult)	2
CR	CHEST 1 VIEW PORTABLE	2
CT	Head^head_woandwith_GR (Adult)	2
DX	X-RAY TOE(S) MINIMUM 2 VIEWS - LEFT	2
CT	JHN CHEST PE OP	2
CR	ABD UPRT VIEWONLY	2
DX	CHEST-PA AND LATERAL VIEWS	2
DX	CHEST 1 VIEW PORTABLE	2
CT	e+1 CT CHEST WO CONTRAST	2
CT,NM	NM MYOCARDIAL PHARM STRESS TEST	2
CT	CTA ABDOMEN PELVIS AND BILATERAL EXTREMITY	2
DR	XR CHEST PA AND LATERAL	2
CT	Vascular^RUNOFF_CTA (Adult)	2
CT	CTA CHEST ANGIO	2
CT,PT	PET^1HPPETCT_NETSPOT (Adult)	2
XA	FL CYSTOURETHROGRAM	2
CT	Vascular^FL_CTPA (Adult)	2
CT,NM	NM MYOCARDIAL EXERCISE TREADMILL STRESS ECG	2
DX	BlueCoral	2
CT	JCCI CT CHEST HRCT	2
DX	CHEST-PA ONLY	2
DX	XR ACUTE ABDOMINAL SERIES W PA CHEST PORTABLE	2
DX	XR CHEST 1VIEW	2
CT	JCCI CAP TRIPLE	2
DX	ABD SERIES FLAT AND ERECT PORTABLE	2
CT,PT	PET LYMPHOMA HODGKINS	2
US	US NONVASCULAR EXTREMITY LTD - LEFT	2
CR	ABDOMEN SERIES INCL CHEST-CS	2
CT,PT	PET COLON OR RECTAL CA	2
US	US UPPER EXTREMITY VENOUS DUPLEX LTD - RIGHT	2
DX	XR ABDOMEN SUPINE AND ERECT	2
CT	Head^HEAD_C_SPINE (Adult)	2
CT	CTA CARDIAC MORPHOLOGY	2
DX	CHEST INSPIR/EXPIR (RAD)-CS	2
CT	Head^MAXILLOFACIAL (Adult)	2
CT,PT	PET BREAST CANCER (W/L	2
DX	XR ABDOMEN 2 VIEWS	2
US	US KIDNEY TRANSPLANT	2
CT	THORAX CT WITH CONTRAST DIAGNOSTIC	2
CT	JHN CT CHEST WO OP	2
DX	PORT - CXR	2
DX	X-RAY GI UPPER DOUBLE CONTRAST W/KUB	2
DX	PORTABLE CHEST 1 VIEW	2
DX	Performed Desc	2
DX	X-RAY FOREARM 2 VIEWS - LEFT	2
CT	Head^DE_CTA_HEAD (Adult)	2
CT	Thorax^CTA_AAA (Adult)	2
CT	Thorax^CHEST_WO_IRIS (Adult)	2
CT	CTA ABD AORTA W/BILAT LE ARTERIES	2
CT	Cardiac^DANIELS_ROUTINE (Adult)	2
CT	Head^CT_MAXILLOFACIAL_WO (Adult)	2
DX	RIBS - UNILATERAL NO CHEST-CS	2
CT	Thorax^CAP_WO (Adult)	2
CT	Pelvis^PELVIS_TRAUMA_Customized (Adult)	2
DX	X-RAY ABDOMEN 2 VIEWS	2
DX	X-RAY ABDOMEN COMPLETE W/CHEST 1 VIEW	2
CT	Chest	2
CT	Thorax^1_CHEST_WO_IRIS (Adult)	2
DX	X-RAY CHEST OUTSIDE IMAGE	2
CT	Thorax^1CAP_W_IRIS (Adult)	2
CT	Thorax^11_Chest_BX_Startup_NObreathing (Adult)	2
CR	BONE MINERAL DENSITY DXA AXIAL SKELETON (ROUTINE)	2
CT	Thorax^01_CHEST_ROUTINE_WO (Adult)	2
CT	Thorax^01_CHEST_ROUTINE_WITH (Adult)	2
DX	X-RAY CALCANEUS MINIMUM 2 VIEWS - RIGHT	2
CT	TRAUMA CT ABD PEL 2PHASE WITH IV CON WITH CHEST IMAGES	2
CT	Thorax^CT_CHEST_WO_AND_HI_RES_CUTS (Adult)	2
CT	JOINY CT CHEST/PELVIS WITH	2
CT	Vascular^CTA_MESSENTERIC (Adult)	2
CT	Thorax^DE_TRAUMA_CAP_WITH_FEET_FIRST__INFUSION_AUTO_Customized (	2
CT	Vascular^CTA_HEADNECK_GR (Adult)	2
DX	X-RAY SCAPULA COMPLETE - RIGHT	2
DX	XR CHEST 3 VIEWS	2
US	US LOWER EXTREMITY VENOUS DUPLEX BILATERAL	2
DX	FOOT RIGHT COMPLETE MIN 3 VIEWS	2
CT	Vascular^CH03A_CHST_W_PE (Adult)	2
CR	ANKLE LEFT MIN 3 VIEWS	2
CT	CTA CHEST W WO CONTRAST	2
CT	Thorax^XL_CHEST_WITH_Customized (Adult)	2
CT	Thorax^XL_CAP_WITH_Customized (Adult)	2
CT	Thorax^VERAN_MEDIUM (Adult)	2
CT	JHN STNECK CAP W OP	2
CT	Thorax^THORACIC_DISSECTION (Adult)	2
CT	CTA CHEST(Adult)	2
CT	JOICC CT CHEST	2
CR	ANKLE RIGHT 3 VIEWS (WEIGHT BEARING)	2
CT	CTA CIRCLE OF WILLIS-CS	2
CT	JOICC CT CHEST W/	2
CT	JOINE CT CHEST	2
CT	Thorax^LOW_DOSE_LUNG_UNDER_30_BMI (Adult)	2
CT	Head^DE_CTA_NECK (Adult)	2
CT	CTA HEAD NECK(Adult)	2
CT	Thorax^GH_ThoraxHR (Adult)	2
CT	JOINY CT CHEST	2
CT	CTA MICS IP	2
CT	JHN OP CHEST WO	2
CT	CT CHEST PULMONARY EMBOLISM (CTPE) (S)	2
CT	CTA ABD AND PELV (ENTIRE AORTA)	2
MR	MRI ABD WWO IV CONT	2
CT	CT ABD-PEL WO/W CM	2
CT	CT ABD WO IV CONT	2
DX	XR RIGHT KNEE 4+ VIEWS	2
CR	DXR: CHEST AP XRAY	2
CT	CT ABD AND PELVIS W WO CONTRAS-CS	2
CT	CODE_T_CT_THOR_LMBR_SPINAL_REFORMATS	2
CT	CODE_T_CT_ANGIO_ABD_AND_PEL_WITH_IV_CON_WITH_CHEST_IMAG	2
CT	CNHDWO	2
MR	MRA HEART LEFT ATRIAL MAPPING WITH AND WITHOUT CONTRAST	2
DX	XR RIGHT RIBS 2 VIEWS UNILATERAL	2
CR	HIP COMPLETE RIGHT MIN 2 VWS	2
CT	CHEST/ABD-PEL W/WO IP	2
DX	XR RIGHT SHOULDER 1 VIEW	2
DX	XR RIGHT TIBIA FIBULA 2 VIEWS	2
CT	CHEST WITH(Adult)	2
DX	XR RIGHT WRIST 1-2 VIEWS	2
CR	HIP COMPLETE LEFT MIN 2 VWS	2
CR	HAND LEFT 3 VIEWS MIN	2
CT	CHEST W CONTRAST CT	2
CT	CHEST PE OP	2
CT	CHEST PE ER	2
DX	XR SHOULDER 2 OR MORE VIEW	2
CR	XR FOOT 3+ VIEWS	2
DX	XR SHOULDER RT 1 VIEW	2
DX	XR SHOULDER RT 2 OR MORE VIEWS	2
CT	CHEST CT WITH CONTRAST	2
CR	XR FOOT LEFT (ROUTINE: AP,LAT,OBL)	2
DX	XR SPINE CERVICAL (AP + LAT)	2
CR	XR HIP LEFT 2-3 VIEWS WWO PELVIS	2
CT	CT ABDOMEN AND PELVIS W CONT	2
CT	CT ABDOMEN AND PELVIS WO/W CONTRAST	2
CR	DX CHEST PORT LINE/TUBE PLCMT 2 EXAMS	2
MR	MRI ABDOMEN AND PELVIS WITHOUT CONTRAST	2
OT,PT	PET CT FDG IMAG SKULL TO THIGH	2
CR	KNEE LEFT 3 VIEWS (ROUTINE)	2
CT	CT Abdomen and Pelvis W/O Contrast	2
PT	PETCT FDG VERTEX TO TOES (NON DIAGNOSTIC CT)	2
CR	XR CHEST 3 VIEWS	2
CT	CT ANGIOGRAPHY CHEST WITH CONTRAST	2
CT	CT ANGIOGRAM PULMONARY ABDOMEN AND PELVIS W CONTRAST	2
CR	XR CHEST AP ONLY	2
US	IR BIOPSY LIVER NON FOCAL	2
CT	CT ANGIOGRAM CHEST FOR PULMONARY HYPE	2
CR	Hip R	2
DX	XR RIBS BILATERAL WITH CHEST - 1 VIEW	2
DX	XR RIBS INCLUDING PA CHEST XR, BILATE	2
US	Echocardiogram 2D Complete	2
SR	CT CHEST WO IV CONT	2
MR	MRI ANKLE W/O CONTRAST - LEFT	2
CT	CT ANGIO BRAIN/NECK FOR STROKE (INC 3D POST-PROCESSING AND PERF)	2
CT	CT ABDOMEN/PELVIS WITHOUT CONTRAST (PETCT)	2
DX	XR RIGHT CALCANEUS 2 VIEWS	2
CT	CT ABDOMEN WWO CONTRAST (ADRENALS)	2
CR	XR CHEST LATERAL, DECUBITUS, OR BUCKY	2
CT	CT ABDOMEN WITH CONTRAST	2
DX	XR RIGHT ELBOW 4+ VIEWS	2
DX	XR RIGHT FINGERS	2
PT	PETCT LIMITED WHOLE BODY VERTEX TO MID THIGH (S)	2
CT	CT ABDOMEN W CONTRAST (PANCREAS)	2
CR	XR CHEST PA LATERAL W BOTH OBLIQUE PROJECTIONS;	2
CT	CT ABDOMEN PELVIS W WO CONTRAST	2
CT	CT ABDOMEN PELVIS W CO	2
CT	CARDIAC TRIPLE RULE OUT OP	2
DX	XR SPINE LUMBAR (AP+LAT+OBLIQUES)	2
DX	XR SPINE LUMBAR (AP+LAT, SUPINE+UPRIGHT)	2
CR	XR HIP RIGHT 2-3 VIEWS WWO PELVIS	2
CT	Abdomen^ENTEROGRAPHY (Adult)	2
CR	XR PORT CHEST	2
CR	XR RIGHT ANKLE 2 VIEWS	2
CT	Abdomen^CYSTOGRAM (Adult)	2
CT	Abdomen^CT_MARKS_CAILLAT_AP (Adult)	2
MR	HEAD^BRAIN	2
CR	XR RIGHT HIP 2-3 VIEWS (UNILATERAL) WITH PELVIS WHEN PERFORMED	2
MR	KNEE	2
CT	Abdomen^CTA_ABD_PELVIS_ (Adult)	2
CT	Abdomen^ABD_WWO_renalmass_GR (Adult)	2
MR	MR CERVICAL SPINE WITHOUT CONTRAST (S)	2
CR	XR RIGHT KNEE 4+ VIEWS (NON-TRAUMA, PAIN/ARTHRITIS)	2
RF	FL C-ARM (PAIN MANAGMENT ONLY)	2
CR	FOOT	2
CR	XR RIGHT WRIST 1-2 VIEWS	2
MR	L-SPINE^L-SP optimized	2
MR	MR BRAIN/MR ANGIOGRAM WITH AND WITHOUT CONTRAST	2
CT	Abdomen^11_ADRENAL (Adult)	2
MR	LIMITED EOVIST MRI HCC	2
CT	ANGIO - CHEST (PE STUDY)	2
CT	ACWOWC ANGIO CHEST WO/WC	2
CT	ABOVE 30 BMI LUNG LOW DOSE(Adult)	2
CT	ABDOMEN KIDNEY CHEST PELVIS WITH(Adult)	2
CR	FOOT LEFT 3 VIEWS (WEIGHT BEARING)	2
CR	XR SPINE CERVICAL (AP + LAT)	2
MR	MR ABDOMEN MRCP WITHOUT CONTRAST	2
MR	MR ABDOMEN WITHOUT CONTRAST	2
CR	XRAY CHEST AP PORTABLE	2
MR	MR BRAIN WITH AND WITHOUT CONTRAST (O)	2
CR	XR PORT ABDOMEN SINGLE VIEW AP	2
MR	MR HEART WITHOUT CONTRAST	2
CR	XR PORT ABDOMEN 1V LINE PLCMNT - NO CHARGE	2
CR	XR LEFT HIP 1 VIEW	2
CT	CARDIAC PUL VEIN OP	2
DX	XR SPINE LUMBAR (AP, LAT, FLEX/EX)	2
DX	XR SPINE THORACIC (AP+LAT)	2
CR	XR KNEE LT 3 VIEWS	2
CR	XR KNEE LT 4 OR MORE VIEWS	2
CR	XR LEFT ELBOW 1-2 VIEWS	2
CR	XR LEFT ELBOW 3+ VIEWS	2
CT	CAP OP	2
CT	CAP IV ER	2
DX	XR THORACOLUMBAR SPINE AP AND LATERAL	2
MR	MR SPECTROSCOPY	2
CT	CAP COMBO(Adult)	2
CR	XR LEFT FOREARM 2 VIEWS	2
MR	MR SHOULDER RIGHT WO CONTRAST	2
MR	MR KNEE LEFT WO CONTRAST	2
CR	XR LEFT SHOULDER 1 VIEW	2
MR	MR PEDIATRIC RAPID BRAIN WITHOUT CONTRAST	2
CR	XR LOWER LEG (TIBIA/FIBULA) LEFT	2
MR	MR LUMBAR SPINE WITHOUT CONTRAST (S)	2
CT	CT: Chest w/contrast	2
MG	MAMMO 3D TOMO SCREENING BILATERAL	2
MR	MR LUMBAR SPINE WITH AND WITHOUT CONTRAST (S)	2
CT	BRAIN W/ CONTRAST (CT)-CS	2
CT	BRAIN LAB ENT(Adult)	2
RF	FL HYSTEROSALPINGOGRAM	2
CT	Abdomen^ROUTINE_AP_LOW_DOSE_WO__Customized (Adult)	2
CR	XR PELVIS 1-2 VIEWS	2
CT	Abdomen^PEDS__ABD_PEL_WITH (Child)	2
DX	XR P PORT CHEST 1V LINE PLCMNT-NO CHARGE	2
CT	CT ANGIO CHEST WITH AND WITHOUT CONTRAST	2
CT	CT LUMBAR SPINE WO IV CONTRAST	2
US	US DOPPLER LOWER EXTREMITY VENOUS, BILATERAL (S)	2
CR	X-RAY KNEE 1 OR 2 VIEWS - RIGHT	2
CT	CT CHEST W CONTRAST IP	2
CT	CT CHEST W CONT	2
CT	CT LEVEL 1-2 CERVICAL SPINE WO ED TRAUMA	2
CT	CT CHEST W CON	2
CT	CT CHEST W AND WO IV CONTRAST	2
CT	CT LEVEL 1-2 ANGIOGRAPHY NECK ED TRAUMA	2
DX	XR LEFT HUMERUS	2
CR	X-RAY KNEE COMPLETE 4 OR MORE VIEWS - LEFT	2
MR	lspine	2
CT	CT CHEST FOR NODULE	2
CT	CT CHEST PULMONARY ANGIOGRAM	2
CT	CT CHEST PE STUDY	2
DX	XR LEFT KNEE 4+ VIEWS	2
CT	CT CHEST HIGH RESOLUTION WITHOUT CONTRAST	2
CR	X-RAY LUMBOSACRAL SPINE MINIMUM 4 VIEWS	2
CR	Chest Single View Frontal	2
CT	CT Chest without Contrast - Routine	2
CT	CT LUMBAR SPINE NERVE BLOCK MULTI LEVEL	2
CR	RIBS UNILATERAL LEFT 2 VIEWS	2
CT	CT CHEST W IV CONTRAST PULMONARY EMBOLUS	2
DX	XR HIP RIGHT 1 VIEW	2
CT	CT CTA CHEST W CONTRAST	2
DX	XR LEFT FEMUR MIN 2 VIEWS	2
CT	CT LOW-DOSE LUNG CANCER SCREEN	2
CT	CT LT LOWER EXTREMITY WITH IV CONTRAST	2
CT	CT CHEST/ABD/PELV WO CONTRAST	2
DX	XR KNEE RT 3 VIEWS	2
DX	XR KNEE RT 1 OR 2 VIEWS	2
CT	CT CHEST WO CONTRAST IP	2
CT	CT CT-ANGIOGRAPHY CHEST W/WO	2
CR	CHEST, TWO VIEWS	2
DX	XR LEFT CLAVICLE	2
CT	CT LEVEL 1-2 HEAD WO ED TRAUMA	2
CT	CT CT-Thorax (W/O Contrast)	2
CR	XR CERVICAL SPINE 4-5 VIEWS	2
MR	MRI PERIANAL FISTULA WO/W CONTRAST	2
CT	CT CHEST WITH IV CONT	2
CR	X-RAY FOOT COMPLETE MINIMUM 3 VIEWS - LEFT	2
CT	CT CHEST WITH CONTRAST - PE PROTOCOL	2
CR	CODE T CHEST AP PORTABLE	2
MR	MRI PELVIS SOFT TISSUE W/O CONTRAST	2
CR	X-RAY HAND MINIMUM 3 VIEWS - RIGHT	2
DX	XR KNEES ANTEROPOSTERIOR STANDING BILATERAL	2
CT	CT LEVEL 1-2 SPINE THORACIC LUMBAR REFORMATS W ED TRAUMA	2
MR	SPINE^MR Spine Cervical (2019)	2
CT	CT CHEST ABDOMEN PELVIS W CONTRAST (S)	2
CR	DX CHEST PORT ENDOTUBE NEW PLCT	2
DX	XR LOWER LEG (TIBIA/FIBULA) LEFT	2
CT	CT MAXILLOFACIAL WITHOUT CONTRAST	2
DX	XR CHEST PA ONLY	2
CT	CT CHEST ABDOMEN ANGIOGRAM WITH IV CONTRAST	2
NM	NUC MED LUNG VENTILATION + PERFUSION	2
DX	XR LUMBAR SPINE 1 VIEW INTRAOPERATIVE	2
CT	CT WHOLE BODY LOW DOSE WITHOUT CONTRAST (ABDOMEN FOCUS)	2
CT	CT THORACIC AND LUMBAR SPINE WITHOUT IV CONTRAST	2
CT	CT UROGRAM W POST PROCESSING	2
CT	CT HEAD (BRAIN LAB) WO CONTRAST POST OP	2
CT	CT HEAD WITHOUT	2
DX	XR LUMBAR SPINE 3 VIEWS	2
MR	MRI ELBOW W/O CONTRAST-RIGHT	2
DX	XR LUMBAR SPINE AND BEND 4+ VIEWS	2
CT	CT FACE/SINUSES + NECK (H AND N CANCER) W CONTRAST*	2
CR	PORTABLE CXR PICC PLMT	2
DX	XR CHEST POSTEROANTERIOR WITH DECUBITUS	2
CT	CT RT UPPER EXTREMITY W/O CONTRAST	2
CR	DG CHEST 1V	2
DX	XR LEFT TIBIA FIBULA 2 VIEWS	2
DX	XR LEFT TIBIA FIBULA 3+ VIEWS	2
CT	CT HEART W CONTRAST 3D CONGENITAL HEART DISEASE	2
CT	CT CARDIAC W	2
CR	Performed Desc	2
MR	T-SPINE^ROUTINE	2
CR	XR ABDOMEN 2 VIEWS	2
CT	CT ENTEROGRAPHY WITH CONTRAST	2
CT	CT PELVIS WITH CONTRAST	2
CT	CT PELVIS WITHOUT CONTRAST	2
DX	XR FOOT RIGHT (ROUTINE: AP,LAT,OBL)	2
CT	CT HEART PULMONARY VEINS STRUCTURE MORPHOLOGY WITH CONTRAST	2
CR	DR Chest PORTABLE	2
RF	C-ARM FLUOROSCOPY UP TO 1 HOUR	1
MR	MR LUMBAR SPINE WITH CONTRAST	1
DX	KNEE 2 VIEWS RIGHT	1
DX	HAND RIGHT 3 VIEWS MIN	1
NM	NM LUNG VENTILATION/PERFUSION SCAN (S)	1
RF	C-ARM FLUOROSCOPY UP TO 2 HOURS	1
DX	HIP COMPLETE LEFT MIN 2VWS ORTHO (AP AND LAT HIP)	1
MR	e+1 MR SPINE LUMBAR WO CONTRAST	1
MR	MR LUMBAR SPINE W/O CM	1
DX	KNEE 3 VIEWS LEFT	1
DX	KNEE 2 VIEWS LEFT	1
DX	ChestPA WALL	1
DX	Knee - 3 Views	1
DX	KNEE COMPLETE LEFT 4 OR MORE VIEWS	1
NM	NUC MED LYMPHOSCINTIGRAPHY	1
MR	MR CERVICAL SPINE WITH AND WITHOUT CONTRAST (S)	1
OT	FL KIDNEY RETROGRAD	1
XA	XR CHEST SINGLE VIEW	1
NM	NUC MED GASTRIC EMPTYING STUDY	1
MR	MR BRAIN WITHOUT CONTRAST RAPID (S)	1
DX	LUMBAR SACRAL SPINE 2/3 VIEWS	1
DX	LUMBOSACRAL SP W/OBL ROUTINE-CS	1
DX	CHEST DECUB RGHT/LFT/BIL (RAD)-CS	1
NM	NUC MED RENAL SCAN WITH PHARM INTERVENTION	1
NM	PULMONARY PERFU SION	1
DX	Obstruction  Series	1
MR	MR BRAIN WITHOUT CONTRAST - FOCUSED BRAIN	1
NM	TUMOR LOCALWHOLE BODY SINGLE	1
MR	MR ANGIOGRAM CHEST WITH AND WITHOUT CONTRAST	1
MR	MR CERVICAL SPINE WITH CONTRAST	1
NM	NM TC-MAA QUANTITATIVE LUNG PERFUSION	1
RF	C-ARM FLUOROSCOPY UP TO 4 HOURS	1
MR	MR ELASTOGRAPHY OF THE ABDOMEN WITHOUT CONTRAST	1
RF	CHEST-SINGLE VIEW (RAD)-CS	1
MR	MR FOOT (FOREFOOT) RIGHT WO CONTRAST	1
MR	MR FACE, NASO, NECK WITH AND WITHOUT CONTRAST (S)	1
MR	MR FACE, NASO, NECK WITH AND WITHOUT CONTRAST	1
NM	NM MYOCARDIAL EXERCISE TREADMILL STRESS ECG	1
NM	NM REST MYOCARDIAL PERFUSION (S)	1
DX	KUB (RAD)-CS	1
MR	MR CHEST WITH AND WITHOUT CONTRAST	1
MR	WRIST^ROUTINE	1
MR	MR ELASTOGRAPHY OF THE ABDOMEN WITH AND WITHOUT CONTRAST	1
NM	NM TC-HIDA SCAN	1
DX	L-SpineLAT WALL	1
MR	MR CONGENITAL HEART DISORDER WITH AND WITHOUT CONTRAST	1
MR	MR CHEST WITHOUT CONTRAST	1
MR	XR Chest AP or PA	1
MR	MR SPINE THORACIC WO CONTRAST	1
MR	MR NEUROGRAM LUMBAR SPINE/PELVIS WITHOUT CONTRAST	1
DX	ELBOW COMPLETE LEFT MIN 3 VIEWS	1
DX	FINGER(S) LEFT 2 VIEWS MIN	1
MR	MRI BRAIN, MRA BRAIN, MRA NECK - WITHOUT AND WITH CONTRAST (S)	1
MR	MRI BRACHIAL PLEXUS WO/W CONTRAST - LEFT SIDE	1
MR	MRI Abdomen w/ + w/o Contrast	1
MR	MRI ANKLE W/O CONTRAST - RIGHT	1
MR	MR ANGIOGRAM BRAIN WITHOUT CONTRAST (S)	1
MR	MRI L SPINE	1
MR	MRI LIVER METS WITH AND WITHOUT EOVIST	1
MR	MRI LIVER W/O CONTRAST WITH ELASTOGRAPHY	1
MR	MRI LIVER WO/W CONTRAST	1
MR	MRI LOWER EXTREMITY JOINT W/O CONTRAST - LEFT	1
MR	MRI LOWER EXTREMITY JOINT W/O CONTRAST - RIGHT	1
DX	FOOT 2 VIEWS RIGHT	1
DX	Chest 2 View	1
DX	FOOT 3+ VIEWS, LEFT	1
DX	FEMUR RIGHT 2 VIEWS MIN	1
DX	DX INFANT CHEST AND ABDOMEN PORTABLE 1 VIEW	1
DX	HAND LEFT 3 VIEWS MIN	1
XA	FL ERCP CHOLANGIOGRAM PANCREATOGRAPHY	1
MR	MRI ELASTOGRAPHY	1
PR	XR CHEST 1 VIEW	1
PT	PET DEDICATED RUBIDIUM REST/STRESS MYOCARDIAL PERFUSION	1
DX	DR Chest PORTABLE	1
DX	DR Chest Routine 2 Views	1
DX	DX ABDOMEN PORTABLE ANTERIOR POSTERIOR 1 VIEW	1
DX	DX ADULT VP SHUNT SERIES	1
MR	MRI ENTEROGRAPHY WO/W CONTRAST	1
MR	MRI BREAST BILATERAL WO W IV CONTRAST	1
MR	MRI FOOT (FOREFOOT) WITHOUT CONTRAST -RIGHT	1
XA	FL PHARYNX/SWALLOWING EVAL WITH FLUORO	1
PT	PETCT GENERIC (RESEARCH ONLY)	1
MR	MRI BRAIN, MRA BRAIN, MRA NECK - WITHOUT CONTRAST FOCUSED STROKE	1
MR	MRI HAND WITHOUT CONTRAST-RIGHT	1
DX	DX Chest (2 Views)	1
PT	PETCT WHOLE BODY VERTEX TO TOES (S)	1
PT,NM	PETCT FDG VERTEX TO TOES (NON DIAGNOSTIC CT)	1
DX	CXR 2 VIEW	1
MR	MRI LOWER EXTREMITY NON JOINT WO/W IV CONTRAST - LEFT	1
MR	MRI UROGRAM WO/W CONTRAST	1
MR	MRI/MRA BRAIN WITHOUT AND WITH CONTRAST (INCLUDE VWI)	1
MR	PELVIS^ROUTINE	1
DX	Foot - 2 Views	1
DX	CHEST SINGLE VIEW	1
MR	QA scan^MQA_DAILY_QA	1
MR	RIGHT foot	1
MR	SPINE L-SPINE	1
DX	Foot RT	1
DX	GASTROGRAFIN CHALLENGE, ABDOMEN 1V, INITIAL	1
MR	MR SHOULDER LEFT WO CONTRAST	1
MR	MR SACROILIAC JOINTS WITHOUT CONTRAST (S)	1
MR	SPINE^NEW TOTAL SPINES (1/13)	1
DX	GD CHEST ONE VIEW	1
MR	MR ORBIT WITH AND WITHOUT CONTRAST	1
DX	CHEST SINGLE VIEW ADULT PORTABLE	1
MR	MR SPINE LUMBAR WWO CONTRAST	1
DX	FOREARM RIGHT 2 VIEWS	1
DX	FOREARM LEFT 2 VIEWS	1
MR	MRI ABD WO IV CONT	1
MR	MRI MRCP	1
MR	MRI MSK CHEST WALL WO/W CONTRAST	1
MR	MR WHOLE BODY PEDIATRIC WITHOUT CONTRAST	1
XA	LD DSA ABD	1
MR	MR TOTAL SPINE WITH AND WITHOUT CONTRAST (S)	1
MR	MR THORACIC SPINE WITHOUT CONTRAST	1
MR	MRI THIGH WITHOUT CONTRAST - RIGHT	1
OT	NM MYOCARDIAL PHARM STRESS TEST	1
MR	MRI SHOULDER W/ + W/O CNTRST RIGHT	1
DX	CHEST XRAY 2 VIEW (PA & LATE	1
DX	CHEST X-RAY	1
MR	MRI SPINE LUMBAR WO IV CONTRAST	1
MR	MR THORACIC SPINE WITH CONTRAST	1
XA	C-ARM FLUOROSCOPY UP TO 4 HOURS	1
DX,CR	X-RAY KNEE 1 OR 2 VIEWS - RIGHT	1
MR	MR ANGIOGRAM BRAIN WITHOUT CONTRAST	1
DX	XR CHEST 1 VW ABDOMEN 1 VW	1
DX	XR PELVIS 1 VIEW	1
DX	XR P PORT PELVIS 1-2 VIEWS	1
DX	XR Abdomen AP	1
DX	XR CERVICAL COMPLETE FLEX EXTENSION	1
DX	XR CERVICAL SPINE 1 VIEW	1
DX	XR LUMBAR SPINE WITH OBLIQUES	1
DX	XR CERVICAL SPINE 2-3 VIEWS (AP/ LAT/ OPEN MOUTH)	1
DX	XR LUMBAR SPINE 2-3 VIEWS (AP/LAT/SPOT)	1
US	US SCROTUM AND CONTENTS	1
US	US RENAL/KIDNEY (S)	1
DX	XR CHEST 2 VW	1
DX	XR LEFT TOES 2 VIEWS	1
US	IR TUBE OR CATH CHANGE	1
US	MSK US NONVASCULAR EXTREMITY LTD - RIGHT	1
DX	XR LEFT KNEE 4+ VIEWS (TRAUMA)	1
DX	XR CHEST 2 VIEWS WITH APICAL LORDOTIC	1
DX	XR LEFT KNEE 4+ VIEWS (NON-TRAUMA, PAIN/ARTHRITIS) (AP/PA/SUNRIS	1
DX	XR CHEST 2 VIEWS WITH OBLIQUES	1
US	THORACENTESIS LT 32555 US-CS	1
NM,CT	NUC MED MYOCARD PERF SPECT STRESS AND REST	1
DX	XR ANKLE RIGHT (ROUTINE: AP,LAT,OBL)	1
US	IR DRAINAGE ABSCESS CYST	1
DX	XR ANKLE LEFT (ROUTINE: AP,LAT,OBL)	1
DX	XR PELVIS 1 VIEW ANTEROPOSTERIOR	1
DX	X-RAY THORACOLUMBAR SPINE 2 VIEWS	1
DX	X-RAY TIBIA & FIBULA 2 VIEWS - LEFT	1
DX	XR RIBS INCLUDING PA CHEST XR, BILATERAL	1
DX	X-RAY TIBIA & FIBULA 2 VIEWS - RIGHT	1
DX	X-RAY WRIST 2 VIEWS - LEFT	1
DX	X-RAY WRIST 2 VIEWS - RIGHT	1
DX	XR RIBS BILATERAL W PA CHEST	1
US	IR ARTERIOVENOUS (AV) FISTULOGRAM	1
DX	XR ABDOMEN (W/UPRIGHT)	1
DX	XR PORT CHEST 1V - RFO	1
DX	XR PELVIS LIMITED 1 OR 2 VIEW	1
DX	XR ABDOMEN COMPLETE W UPRIGHT CHEST	1
DX	XR ABDOMEN FEEDING TUBE 1 VIEW	1
DX	XR ABDOMEN SITZ MARKER	1
DX	XR PELVIS COMPLETE MINIMUM 3 VIEWS	1
DX	XR ABDOMEN TO CHECK TUBE PLCMT	1
DX	XR ABDOMEN TUBE POSITION CHECK	1
DX	XR ACUTE ABDOMEN (SUPINE,UPRIGHT,AND 1 VIEW CHEST)	1
DX	XR PELVIS 1-2 VIEWS	1
DX	XR LEFT HIP MIN 4 VIEWS (UNILATERAL) WITH PELVIS WHEN PERFORMED	1
DX	XR CHEST 2 VW W APICAL LORDOTIC	1
DX	X-RAY SPINE SINGLE VIEW SPECIFY LEVEL	1
US	US DOPPLER LOWER EXTREMITY VENOUS, RIGHT (S)	1
DX	XR FEET BILATERAL	1
DX	XR ELBOW RIGHT (LIMITED: AP LAT)	1
DX	XR EG TUBE PLACEMENT	1
DX	XR Chest 1V with Abdomen (Babygram)	1
DX	XR CLAVICLE LEFT	1
DX	XR CHEST LATERAL DECUBITUS LEFT	1
DX	XR CHEST/ABDOMEN CHILD ONE VIEW	1
DX	XR CHEST WITH OBLIQUE	1
DX	XR CHEST SINGLE VIEW - LINE PLACEMENT	1
DX	XR CHEST RIGHT DECUBITUS VIEW (LEFT SIDE UP)	1
DX	XR LEFT FINGERS	1
US	US DUPLEX EXTRCRAN CAROTID ART CMPLT	1
DX	XR CHEST PA, LATERAL, OBLIQUES	1
DX	XR CHEST PA, LATERAL AND APICAL LORDO	1
DX	XR CHEST PA ONLY FOR PICC PLACEMENT	1
DX	XR CHEST LATERAL, DECUBITUS, OR BUCKY	1
DX	XR CHEST LEFT DECUBITUS VIEW (RIGHT SIDE UP)	1
DX	XR CHEST PA FOR PICC PLACEMENT	1
US	US FEMALE PELVIS TRANSABD/VAGINAL WITH DOPPLER  (S)	1
US	US HEMODIALYSIS ACCESS DUPLEX ASSESSMENT	1
DX	XR FOOT LEFT (ROUTINE: AP,LAT,OBL)	1
DX	XR CHEST DECUBITUS VIEWS, BILATERAL	1
DX	XR CHEST DECUBITUS LEFT	1
DX	XR CHEST DECUBITUS BILATERAL	1
DX	XR CHEST 4+ VIEWS	1
DX	XR LEFT ELBOW 4+ VIEWS	1
DX	XR CHEST ABDOMEN	1
US	US ABDOMEN COMPLETE	1
DX	XR LEFT ELBOW 1-2 VIEWS	1
DX	XR LEFT ANKLE 2 VIEWS	1
US	US AORTA AND IVC ABD VAS WITHOUT DOPPLER (S)	1
DX	XR KUB + UP/DECUB + PA CHEST	1
DX	XR KNEES BILATERAL STANDING (3 VIEWS)	1
DX	XR KNEES BILATERAL	1
DX	XR HIP RIGHT 2-3 VIEWS WWO PELVIS	1
DX	XR HANDS BILATERAL (1-2 VIEWS)	1
DX	XR CHEST AP LAT 2V	1
DX	XR HAND RIGHT (ROUTINE: AP,LAT,OBL)	1
DX	XR HAND LEFT (ROUTINE: AP,LAT,OBL)	1
DX	XR HAND LEFT (ROUTINE: AP LAT OBL)	1
DX	XR FOREARM (RADIUS/ULNA) RIGHT	1
DX	XR FOREARM (RADIUS/ULNA) LEFT	1
US	US LOWER EXTREMITY VENOUS DUPLEX LTD - LEFT	1
DX	X-RAY THORACIC SPINE 3 VIEWS	1
DX	XR RIGHT CLAVICLE	1
MR	MR ANGIOGRAM ABDOMEN WITH AND WITHOUT CONTRAST (S)	1
MR	ABDOMINAL^GENERIC ABD_PEL	1
MR	C-SPINE 2019^CERVICAL ROUTINE 2019	1
MR	BRAIN^BRAIN	1
DX	THORACIC SPINE 3 VIEWS-CS	1
DX	TIBIA AND FIBULA LEFT 2 VIEWS	1
DX	TIBIA AND FIBULA RIGHT 2 VIEWS	1
MR	ANGIOS^GBO	1
MR	ABD^RAPID MRCP	1
MR	ABDOMINAL^LIVER	1
DX	WRIST COMPLETE RIGHT 3 VIEWS MIN	1
MR	ABDOMEN^ROUTINE (NEW)	1
MG	DIGITAL SCREEN MAMMO W/CAD	1
MR	ABDOMEN^GSO MRCP	1
MR	ABDOMEN^GSO ABDOMEN	1
MR	ABDOMEN^GREENSBORO	1
MR	ABDOMEN^ENTEROGRAPHY 2013	1
MR	ABDOMEN PELVIS MRI^MRCP	1
RF	FL KIDNEY RETROGRAD	1
MR	ABDOMEN 2018^ABD GENERIC ABDOMEN DOT 2019	1
MG	SCREENING - CONVENTIONAL	1
MG	MG-POST PROCEDURE MAMMMO	1
DX	THORACIC SPINE 3 VIEWS	1
MR	CHEST^CHEST WALL	1
DX	SMALL BOWEL	1
DX	SHOULDER 3 VIEWS LEFT	1
MR	MR ABDOMEN WO/W CM	1
MR	MR ABDOMEN WITH AND WITHOUT CONTRAST (S)	1
DX	PORT CHEST	1
MR	MR ABDOMEN LIVER DONOR PROTOCOL	1
MR	MR ABD PEL WWO	1
DX	PelvisAP TABLE	1
MR	LOWER EXTREMITY^KNEE	1
MR	L-SPINE^high point neuro	1
MR	L-SPINE 2019^LUMBAR  2019	1
MR	L-SPINE 2013^LSP PDH	1
MR	L-SPINE	1
US	XR CHEST 1 VIEW AP (S)	1
MR	KNEE^LEFT	1
DX	Portable Chest	1
US	US VASC OUTSIDE IMAGE	1
MR	FOOT	1
MR	ELBOW	1
MR	CSPINE^ROUTINE 2013	1
DX	RM CHEST PA OR AP	1
MG	MAMMO SCREENING DIGITAL BILATERAL	1
DX	XRAY CHEST 2 VIEWS	1
DX	X-RAY SACROILIAC JOINTS 3 OR MORE VIEWS	1
RF	GASTROGRAFIN SINGLE CONTRAST ENEMA	1
DX	XR SPINE CERVICAL (LATERAL ONLY - FLEX/EX)	1
DX	X-RAY FOREARM 2 VIEWS - RIGHT	1
DX	XR SPINE CERVICAL (4 VIEWS - AP+LAT+FLEX/EX)*	1
DX	XR SHOULDER LT 2 OR MORE VIEWS	1
DX	XR SCOLIOSIS STUDY MINIMUM OF 6 VIEWS	1
DX	XR SCOLIOSIS STUDY 4 OR 5 VIEWS	1
DX	XR SCOLIOSIS STUDY  2 OR 3 VIEWS (NEURO INTERPRETATION)	1
DX	XR SACROILIAC JOINTS 3+ VIEWS	1
DX	XR SACROILIAC JOINTS 1-2 VIEWS	1
DX	X-RAY HUMERUS MINIMUM 2 VIEWS - LEFT	1
DX	XR WRIST RIGHT (SCAPHOID VIEW)	1
DX	X-RAY HUMERUS MINIMUM 2 VIEWS - RIGHT	1
RF	GENICULAR RFA LT	1
DX	XR RIGHT HIP 1 VIEW	1
DX	X-RAY KNEES BILATERAL AP STANDING	1
DX	X-RAY LUMBAR SPINE COMPLETE INCL BENDING	1
RF	HIP RT MIN 2V W PEL 73502-CS	1
DX	X-RAY NASAL BONES MINIMUM 3 VIEWS	1
DX	X-RAY PELVIS COMPLETE MINIMUM 3 VIEWS	1
DX	X-RAY RIBS BILATERAL 3 VIEWS	1
DX	X-RAY FINGER(S) MINIMUM 2 VIEWS - RIGHT	1
DX	X-RAY FINGER(S) MINIMUM 2 VIEWS - LEFT	1
DX	X-RAY FEMUR MINIMUM 2 VIEWS - RIGHT	1
DX	XR SPINE THORACIC (AP+LAT, SUP/UPRIGHT)	1
DX	X-RAY CERVICAL SPINE COMPLT INCL OBL/FLX AND/OR EXT	1
DX	XR WRIST RIGHT (ROUTINE: AP,LAT,OBL)	1
DX	X-RAY CHEST 1 VIEW, FRONTAL, PORTABLE	1
DX	X-RAY CHEST 1 VIEW, FRONTAL, portable	1
DX	X-RAY CHEST AP/LATERAL W/FLUOROSCOPY	1
DX	XR WRIST LEFT (ROUTINE: AP,LAT,OBL)	1
DX	XR WRIST LEFT (LIMITED: AP,LAT)	1
DX	XR WRIST 3+ VIEWS	1
DX	X-RAY CLAVICLE COMPLETE - RIGHT	1
DX	X-RAY ELBOW 2 VIEWS - LEFT	1
DX	XR TOES RIGHT (SPECIFY DIGITS)	1
DX	X-RAY ELBOW COMPLETE MIN 3 VWS - LEFT	1
DX	XR THORACOLUMBAR SPINE STANDING 2 OR 3 VIEWS	1
DX	X-RAY ENTIRE SPINE SCOLIOSIS 1 VIEW	1
DX	X-RAY FACIAL BONES COMPLT MINIMUM 3 VIEWS	1
DX	XR THIGH/FEMUR RIGHT 2V	1
DX	XR THIGH/FEMUR LEFT 2V	1
DX	XR STERNUM 2+ VIEWS	1
DX	XR STERNOCLAVICULAR JOINTS 3+ VIEWS	1
OT	C-ARM FLUOROSCOPY UP TO 2 HOURS	1
CT	Cardiac^CALCIUM_SCORE_ROUTINE (Adult)	1
DX	CERV SP FLEXION+EXTENSION	1
CT	Abdomen^9_UROGRAM_UNDER_35 (Adult)	1
CT	Abdomen^CTA_RUNOFF (Adult)	1
CT	Abdomen^CTA_ABD_PEL_RUNOFF_UNDER_250LB_Customized (Adult)	1
CT	Abdomen^ABD_WITHXXL_GR (Adult)	1
CT	Abdomen^ABDOMEN_PELVIS_W_WO (Adult)	1
CT	Abdomen^ABDOMEN_PELVIS_WO_WITH (Adult)	1
CT	Abdomen^ABDOMEN_PELVIS_WO (Adult)	1
CT	Abdomen^ABDOMEN_PELVIS_W (Adult)	1
CT	Abdomen^AB02A_AP_W (Adult)	1
CT	Abdomen^13_TRAUMA_CAP (Adult)	1
CT	Abdomen^CT_AP_GI_BLEED_ISCHEMIC_BOWEL_WWO (Adult)	1
CT	Abdomen^10_STONE_STUDY (Adult)	1
CT	ABD_PELVIS 61_100LB(Child)	1
CR,DX	XR RIGHT KNEE 3 VIEWS (PAIN/ARTHRITIS)	1
CR,DX	XR CHEST AP PORTABLE	1
CR,DX	DX Chest A-P/PA (Single View)	1
CR,DX	DX Chest (2 Views)	1
CR,DX	Chest 2 Views Frontal and Lat	1
CR,DX	CHEST PORT 1 VIEW (RAD)-CS	1
CT	Abdomen^CT_ABDOMEN_WITH (Adult)	1
CT	Abdomen^CT_AP_WITH_L_SPINE_MPRS (Adult)	1
CR	XR LEFT KNEE 3 VIEWS	1
CT	Abdomen^RENAL_MASS (Adult)	1
CT	C/A/P IP 3D PANC	1
CT	C/A/P ER	1
CT	C/A/P 3 PHASE IP	1
CT	BlueCoral	1
CT	Abdomen^STONE_XXL (Adult)	1
CT	Abdomen^STONE_LOW_DOSE_1 (Adult)	1
CT	Abdomen^STONE_FULL (Adult)	1
CT	Abdomen^ROUTINE_AP_WITH_OVER_50_OVER_250 (Adult)	1
CT	Abdomen^MARKS_CAILLATT_PROTOCOL (Adult)	1
CT	Abdomen^CT_MARKS_CAILLAT_AP_RENAL (Adult)	1
CT	Abdomen^HEMATURIA_GREATERTHAN45 (Adult)	1
CT	Abdomen^HEMATURIA_45_and_UNDER (Adult)	1
CT	Abdomen^GH_AbdomenRoutine (Adult)	1
CT	Abdomen^DUAL_PHASE_ABDOMEN (Adult)	1
CT	Abdomen^DE_STONE_STUDY (Adult)	1
CT	Abdomen^DE_ROUTINE_AP_WITH_UNDER_50 (Adult)	1
CT	Abdomen^DE_CTA_AAA (Adult)	1
CT	Abdomen^CT_UROGRAM_STONE (Adult)	1
CR	XRAY CHEST 2 VIEWS	1
CR	XR WRIST RIGHT (ROUTINE: AP,LAT,OBL)	1
CR	XR THUMB RIGHT	1
CR	XR P PORT CHEST PA/LAT	1
CR	XR RIGHT ELBOW 1-2 VIEWS	1
CR	XR RIBS INCLUDING PA CHEST XR, RIGHT	1
CR	XR RIBS INCLUDING PA CHEST XR, BILATERAL	1
CR	XR RIBS BILATERAL WITH PA CHEST 4+ VW	1
CR	XR RIBS BILATERAL	1
CR	XR PUI CHEST 2 VIEW	1
CR	XR PORT ABDOMEN COMPLETE DECUB & O*	1
CR	XR POR CHEST 1V	1
CR	XR P PORT CHEST 1V - RFO	1
CR	XR THORACIC SPINE 3 VIEWS	1
CR	XR P PORT ABDOMEN COMPLETE DECUB &*	1
CR	XR P PORT ABD COMP SERIES W CHEST	1
CR	XR LUMBAR SPINE ANTEROPOSTERIOR AND LATERAL	1
CR	XR LUMBAR SPINE 2-3 VIEWS (AP/LAT/SPOT)	1
CR	XR LUMBAR SPINE 1 VIEW	1
CR	XR LEFT WRIST 1-2 VIEWS	1
CR	XR LEFT TOES 2 VIEWS	1
CR	XR LEFT THUMB	1
CR	XR RIGHT FEMUR 1 VIEW	1
CR	XR RIGHT FEMUR MIN 2 VIEWS	1
CR	XR RIGHT HIP 1 VIEW PORTABLE	1
CR	XR RIGHT HIP 2+ VIEWS ORTHOPEDICS PRE OPERATIVE	1
CR	XR Spine Thoracic 2 Views	1
CR	XR SPINE THORACIC (3 VIEWS)	1
CR	XR SPINE THORACIC (3 VIEWS - AP+LAT BENDING)	1
CR	XR SPINE LUMBAR (LATERAL ONLY)	1
CR	XR SPINE LUMBAR (LATERAL ONLY  FLEX/EX)	1
CR	XR SPINE LUMBAR (AP+LAT, SUPINE+UPRIGHT)	1
CR	XR SPINE LUMBAR (AP+LAT+OBLIQUES)	1
CR	XR SPINE CERVICAL (AP+LAT+OBLS+SWIM+ODONTOID)	1
CR	XR SHOULDER RIGHT (COMPLETE: IR/ER/GRASHEY/Y/AXILLARY)	1
CR	XR SHOULDER LEFT (COMPLETE: IR/ER/GRASHEY/Y/AXILLARY)	1
CR	XR SHOULDER 2+ VIEWS	1
CR	XR SCAPULA RIGHT	1
CR	XR SACROILIAC JOINTS 1-2 VIEWS	1
CR	XR RIGHT THUMB	1
CR	XR RIGHT KNEE 4+ VIEWS (TRAUMA)	1
CR	XR RIGHT KNEE 3 VIEWS	1
CR	XR RIGHT HUMERUS	1
CT	C/A/P IP ADRENAL	1
CT	C/A/P IV IP	1
CT	C/A/P OP	1
CT	CT ABDOMEN AND PELVIS RENAL STONE LOW DOSE	1
CT	CT ABDOMEN PELVIS WWO	1
CT	CT ABDOMEN PELVIS WO CONTRAST	1
CT	CT ABDOMEN PELVIS W/IVCON	1
CT	CT ABDOMEN PELVIS W CONTRAST (CIRRHOSIS)	1
CT	CT ABDOMEN FOR LIVER DONOR WITH CONTRAST	1
CT	CT ABDOMEN AND PELVIS WO CONTRAST	1
CT	CT ABDOMEN AND PELVIS WO  INFUSION - UROLOGY TX	1
CT	CT ABDOMEN AND PELVIS WITHOUT CONTRAST	1
CT	CT ABDOMEN	1
CT	CHEST WC	1
CT	CT ABD/PEL WITH IV CONTRAST	1
CT	CT ABD/PEL W IVCON	1
CT	CT ABD AND PELVIS WWO IV CONT	1
CT	CT ABD AND PELVIS WO IV CONTRAST	1
CT	CHEST/PELVIS OP	1
CT	CHEST/ABD-PELVIS WITH IP	1
CT	CHEST/ABD-PEL IV ER	1
CT	CHEST/ABD-PEL 3PHASE IP	1
CT	CT ABDOMEN W/O CONTRAST	1
CT	CT ABDOMEN WITH AND WITHOUT CONTRAST (O)	1
CT	CT ABDOMEN WWO CHEST PELVIS W (KIDNEYS)	1
CT	CT ABDOMEN WWO CONTRAST	1
CT	CT ANGIOGRAM CHEST [CH]	1
CT	CT ANGIOGRAM CHEST W W	1
CT	CT ANGIOGRAM CHEST W CONTRAST	1
CT	CT ANGIOGRAM ABDOMINAL AORTA AND BILATERAL ILIOFEMORAL RUNOFF W*	1
CT	CT ANGIO NECK	1
CT	CT ANGIO HEAD W OR WO CONTRAST	1
CT	CT ANGIO CHST/ABD/PEL W/WO CONTRAST	1
CT	CT ANGIO CHEST/ABD/PELVIS	1
CT	CT ANGIO CHEST WITH ECG GATING	1
CT	CT ANGIO CHEST PE	1
CT	CT ANGIO ATRIAL FIBRILLATION	1
CT	CT ANGIO AORTA RUNOFF	1
CT	CT ANG CHEST, ABD, PEL WWO	1
CT	CT ABDOMEN/PELVIS WITHOUT CONTRAST (O)	1
CT	CT ABDOMEN/PELVIS WITH CONTRAST (O)	1
CT	CT ABDOMEN/PELVIS WITH AND WITHOUT CONTRAST QUAD PHASE	1
CT	CT ABDOMEN WWO CONTRAST (KIDNEYS)	1
CT	CHEST WO ER	1
CT	CHEST W/O IP	1
CT	C/A/P OP 3PHAZ	1
CT	CAP 3D PANC IP	1
CT	CAP W/O IP	1
CT	CAP TRIPLE IP	1
CT	CAP PLAIN ER	1
CT	CAP ER TRAUMA	1
CT	CAP ER	1
CT	CAP ED	1
CT	CAP COMBO OP	1
CT	CAP COMBO	1
CT	CAP 3D PANC	1
CT	CHEST W/O	1
CT	CAP 3D LIVER	1
CT	CAP 3 PHASE LIVER	1
CT	CAP	1
CT	C/AP WO OP	1
CT	C/A/P W/O IP	1
CT	C/A/P TAVR OP	1
CT	C/A/P OP W/O	1
CT	C/A/P OP TAVAR	1
CT	CAP W/WO OP	1
CT	CAP WO IP	1
CT	CARDIAC CORONARY CTA	1
CT	CARDIAC IP	1
CT	CHEST W/ OP	1
CT	CHEST VENOGRAM IP	1
CT	CHEST PULMONARY WITH	1
CT	CHEST PLAIN OP	1
CT	CHEST PE STUDY	1
CT	CHEST PE  IP	1
CT	CHEST OP CARDIAC/PVEIN	1
CT	CHEST IP IV	1
CT	CHEST ER	1
CT	CHEST CT WITHOUT CONTRAST	1
CT	CHEST ABD PELVIS	1
CT	CHEST /A/ P IV IP	1
CT	CEHST PE IP	1
CT	CCHWO	1
CT	CARDIAC TRIPLE OP	1
CT	CARDIAC PV OP	1
CT	CARDIAC MICS OP	1
CR	XR LEFT RIBS 2 VIEWS UNILATERAL	1
CR	XR LEFT HIP 1 VIEW PORTABLE	1
DX	C-ARM FLUOROSCOPY UP TO 1 HOUR	1
CR	FL PYELOGRAM RETROGRADE INTRAOPERATIVE	1
CR	HUMERUS LEFT 2 VIEWS MIN	1
CR	HIP RIGHT 1 VIEW	1
CR	HIP LEFT MIN 2 VIEWS ORTHO (LATERAL AND AP HIP)	1
CR	HAND 2 VIEWS LEFT	1
CR	Femur / Joints L	1
CR	FOREARM RIGHT 2 VIEWS	1
CR	FOREARM LEFT 2 VIEWS	1
CR	FOOT LEFT MIN 3 VIEWS (ROUTINE)	1
CR	FEMUR LEFT 2 VIEWS MIN	1
CR	INFANT BONE SURVEY UP TO 12 MONTHS OLD	1
CR	ELBOW RIGHT MIN 3 VIEWS (ROUTINE)	1
CR	DXR: Chest PA xray	1
CR	DXR: Chest PA + lateral xray	1
CR	DXR: Chest AP for PICC Line	1
CR	DXR: Chest - AP Portable	1
CR	DXR: CHEST PA + LATERAL XRAY	1
CR	DX KNEE 3 VIEWS UNILATERAL RIGHT	1
CR	DX CHEST SINGLE VIEW AP OR PA	1
CR	Hand & Wrist	1
CR	KNEE 2 VIEWS LEFT	1
CR	XR LEFT FEMUR 1 VIEW	1
CR	LUMBAR SACRAL SPINE MIN 4 VIEWS	1
CR	RIBS UNILATERAL RIGHT 2 VWS WITH PA CHEST	1
CR	RIBS UNILATERAL LEFT 2 VWS WITH PA CHEST	1
CR	RIBS - UNILATERAL NO CHEST-CS	1
CR	PORTABLE ABDOMEN	1
CR	OUT X-RAY CHEST 1 VIEW 71045	1
CR	OUT X-RAY CHEST 1 VIEW	1
CR	Lumbar spine	1
CR	LUMBOSACRAL SPINE AP/LAT ONLY-CS	1
CR	LT Foot	1
CR	KNEE 3 VIEWS LEFT	1
CR	LEFT WRIST-ROUTINE STUDY-CS	1
CR	LEFT KNEE 1 OR 2 VIEWS (RAD)-CS	1
CR	LEFT FOOT - ROUTINE STUDY(RAD)-CS	1
CR	LCMC XR CHEST ABDOMEN 1 VW EACH	1
CR	LCMC XR ABDOMEN 1 VW	1
CR	L/S Spine	1
CR	L/S SP W/OBL  FLEX & EXTEN-CS	1
CR	Knee Lt.	1
CR	DX CHEST PORTABLE POST-PICC PLACEMENT 1 VIEW	1
CR	DX CHEST PORTABLE PICC LINE PLACEMENT	1
CR	DX CHEST PORT PRONE	1
CR	BILATERAL FOOT AP&LAT-CS	1
CR	CHEST 2 VIEWS DX	1
CR	CHEST 1 VIEW PA	1
CR	CHEST 1 VIEW AP/PA	1
CR	CHEST - PA AND LAT	1
CR	CERVICAL SPINE-2/3 VIEWS ONLY-CS	1
CR	CERVICAL SPINE 2-3 VIEWS	1
CR	C-Spine	1
CR	BILATERAL KNEE 3 VIEWS-CS	1
CR	BILATERAL ANKLE MIN 3 VIEWS-CS	1
CR	DX CHEST PORT LINE/TUBE PLCMT 5 EXAMS	1
CR	Ankle & Foot	1
CR	Abdomen GU,Abdomen	1
CR	ANKLE RIGHT MIN 3 VIEWS	1
CR	ANKLE LEFT 3 VIEWS (WEIGHT BEARING)	1
CR	ADULT CHEST 2 VIEW	1
CR	ADULT CHEST - 2 VIEWS	1
CR	ABDOMEN SERIES FLAT AND ERECT PORTABLE	1
CR	ABD SUPINE LATERAL	1
CR	CHEST AP INFANT PORTABLE	1
CR	CHEST DECUB RGHT/LFT/BIL (RAD)-CS	1
CR	CHEST FOUR VIEWS	1
CR	CHEST LAT	1
CR	DX CHEST PORT LINE/TUBE PLCMT 3 EXAMS	1
CR	DX CHEST DECUBITUS BILATERAL 1 VIEW	1
CR	DG RIBS W/ CHEST 3+V*L*	1
CR	DCH2	1
CR	Chest PA + Lat	1
CR	CR Chest - 2 Views **	1
CR	CHEST; 1V	1
CR	CHEST-PA ONLY	1
CR	CHEST-PA AND LATERAL VIEWS	1
CR	CHEST, LAT DECUB LT	1
CR	CHEST SINGLE VIEW XR	1
CR	CHEST ROUTINE PA/AP AND LATERAL	1
CR	CHEST PORTABLE SINGLE VIEW	1
CR	CHEST PORT LINE TUBE PLCT 1 EXAM	1
CR	CHEST PA AND LATERAL	1
CR	CHEST PA   LATERAL (RAD)-CS	1
CR	CHEST OVER PENETRATED PA AP PORTABLE	1
CR	RIGHT FOOT-ROUTINE STUDY(RAD)-CS	1
CR	RIGHT KNEE-ROUTINE STUDY (RAD)-CS	1
CR	Ribs bilat	1
CR	XR CHEST 4 OR MORE VIEWS	1
CR	XR CHEST BILATERAL DECUBITUS ONLY	1
CR	XR CHEST BEDSIDE 1VIEW -PROV	1
CR	XR CHEST APLATAPICAL LORDOTIC	1
CR	XR CHEST AP/PA LATERAL WITH OBLIQUES 3-4 VW	1
CR	XR CHEST AP or PA PORTABLE	1
CR	XR CHEST AP LAT 2V	1
CR	XR CHEST ABDOMEN 1 VW EACH	1
CR	XR CHEST 4+ VIEWS	1
CR	XR CHEST 2 VIEWS WITH DECUBITUS VIEWS	1
CR	XR ABDOMEN SINGLE AP VIEW	1
CR	XR CHEST  INSPIRATION AND EXPIRATION	1
CR	XR CHEST	1
CR	XR CERVICAL SPINE 6+ VIEWS	1
CR	XR CERVICAL SPINE 2-3 VIEWS WITH FLEXION EXTENSION NEURO	1
CR	XR CERVICAL SPINE 2-3 VIEWS (AP/ LAT/ OPEN MOUTH)	1
CR	XR ANKLE RIGHT (ROUTINE: AP,LAT,OBL)	1
CR	XR ANKLE 3+ VIEWS	1
CR	XR ACUTE ABDOMEN (SUPINE,UPRIGHT,AND 1 VIEW CHEST)	1
CR	XR CHEST DECUBITUS 1 VW LEFT	1
CR	XR CHEST DECUBITUS 1 VW RIGHT	1
CR	XR CHEST LATERAL DECUBITUS RIGHT	1
CR	XR CHEST LEFT DECUBITUS VIEW (RIGHT SIDE UP)	1
CR	XR LEFT ELBOW 4+ VIEWS	1
CR	XR LEFT CALCANEUS 2 VIEWS	1
CR	XR IVP W TOMOGRAMS	1
CR	XR HUMERUS LEFT	1
CR	XR HAND RIGHT (ROUTINE: AP,LAT,OBL)	1
CR	XR HAND LEFT (ROUTINE: AP,LAT,OBL)	1
CR	XR HAND LEFT (LIMITED: AP,LAT)	1
CR	XR Chest Single View Portable	1
CR	XR Chest Portable	1
CR	XR Chest Infant 2 View	1
CR	XR Chest Frontal View	1
CR	XR Chest 2 Views, Frontal and lateral	1
CR	XR Chest 1 V Portable CR	1
CR	XR Chest - PA and Lateral	1
CR	XR COVID-19 Chest 1 View Portable	1
CR	XR CHEST SPECIAL VIEW (LORDOTIC,DECUB)	1
CR	XR CHEST PNEUMONIA ALERT 2 VWS	1
CR	XR ABDOMEN SUPINE AND ERECT	1
CR	XR ABDOMEN ACUTE PORTABLE	1
CR	SACRUM AND COCCYX MIN 2 VIEWS	1
CR	TIBIA AND FIBULA LEFT 2 VIEWS	1
CR	VP SHUNT - CHEST 2V, ABD COMPLETE, SKULL < 4VWS	1
CR	Unspecified Merge Only CR	1
CR	Unspecified CR CHEST	1
CR	Unknown RIS Code	1
CR	Thoracic spine	1
CR	TRAUMA CHEST AP PORTABLE	1
CR	TIBIA AND FIBULA RT, 4 VWS OR MORE	1
CR	TIBIA AND FIBULA RIGHT 2 VIEWS	1
CR	THORACIC SPINE 2 VIEWS	1
CR	XR ABDOMEN 1 VW	1
CR	Skull, Sinus & Facial,Nasal & Orbits	1
CR	Shoulder L	1
CR	SKULL LESS THAN 4 VIEWS	1
CR	SINUSES COMPLETE MIN 3 VIEWS	1
CR	SHOULDER RIGHT 4 VIEWS	1
CR	SHOULDER RIGHT 2 VIEWS	1
CR	SHOULDER LEFT 1 VIEW	1
CR	SHOULDER 3 VIEWS RIGHT	1
CR	WRIST COMPLETE RIGHT 3 VIEWS MIN	1
CR	Wrist 4 View	1
CR	X-RAY ABDOMEN SINGLE VIEW	1
CR	X-RAY ANKLE COMPLETE MINIMUM 3 VIEWS - RIGHT	1
CR	X-RAY WRIST COMPLETE MINIMUM 3 VWS - LEFT	1
CR	X-RAY TOE(S) MINIMUM 2 VIEWS - RIGHT	1
CR	X-RAY TOE(S) MINIMUM 2 VIEWS - LEFT	1
CR	X-RAY TIBIA & FIBULA 2 VIEWS - RIGHT	1
CR	X-RAY SHOULDER COMPLETE MIN 2 VIEWS - RIGHT	1
CR	X-RAY KNEE 3 VIEWS - LEFT	1
CR	X-RAY KNEE 1 OR 2 VIEWS - LEFT	1
CR	X-RAY HUMERUS MINIMUM 2 VIEWS - LEFT	1
CR	X-RAY HIPS BILATERAL WITH PELVIS 2 VIEWS	1
CR	X-RAY HIP UNILATERAL WITH PELVIS 2 OR 3 VIEWS - RIGHT	1
CR	X-RAY HAND 2 VIEWS - RIGHT	1
CR	X-RAY HAND 2 VIEWS - LEFT	1
CR	X-RAY ELBOW COMPLETE MIN 3 VWS - LEFT	1
CR	X-RAY CLAVICLE COMPLETE - RIGHT	1
CR	X-RAY CLAVICLE COMPLETE - LEFT	1
CR	X-RAY CHEST OUTSIDE IMAGE	1
CR	X-RAY CERVICAL SPINE MINIMUM 4 VIEWS	1
CT	CT ANGIOGRAM LOWER EXTREMITY RIGHT W WO CONTRAST	1
CT	CT ANGIOGRAM OF CHEST, ABDOMEN AND PELVIS FOR TRANSCATHETER AOR*	1
CT	CT ANGIOGRAPHY CHEST WITH CONTRAST PULMEMB	1
CT	RH CTA CHEST WITH CONTRAST	1
CT	Specials^BX_PROCEDURE (Adult)	1
CT	SPLIT DISSECTION GATED  CTA	1
CT	SINUS(Adult)	1
CT	RP RIGHT CHEST TUBE PLACEMENT	1
CT	RP IR CONSULT	1
CT	RP ABSCESS DRAINAGE	1
CT	RP ABDOMEN DRAINAGE	1
CT	RM CTA CHEST WITH CONT	1
CT	Pelvis^ROUTINE_PELVIS (Adult)	1
CT	Spine^CT_LUMBAR_SPINE_WO (Adult)	1
CT	Pelvis^Pelvis (Adult)	1
CT	Pelvis^PELVIS_W__GR (Adult)	1
CT	Pelvis^PELVIS_WO_GR (Adult)	1
CT	PETCT LIMITED WHOLE BODY VERTEX TO MID THIGH (O)	1
CT	PE/ACUTE GI IP ECMO	1
CT	PE/ABDPEL IV ER	1
CT	PE CHEST(Adult)	1
CT	PE CHEST WITH	1
CT	Specials^Perfusion (Adult)	1
CT	Spine^C_Spine_Tin_Filter (Adult)	1
CT	CT Angio Abdomen and Pelvis	1
CT	Thorax^C4_CTA_PE (Adult)	1
CT	Thorax^CHEST_AP_WITH (Adult)	1
CT	Thorax^CHEST_ANGIO_PE_W (Adult)	1
CT	Thorax^CHEST_ABD_PELVIS_WWO (Adult)	1
CT	Thorax^CHEST_ABD_PELVIS (Adult)	1
CT	Thorax^CH2_CHEST_WITH (Adult)	1
CT	Thorax^CAP_W_IRIS (Adult)	1
CT	Thorax^CAP_WO_W_IRIS (Adult)	1
CT	Thorax^CAP_WITH (Adult)	1
CT	Thorax^C4A_FLASH_CTA_PE_ROUTINE (Adult)	1
CT	Spine^C_Spine_Tin_Filter_Customized (Adult)	1
CT	Thorax^C2_CHEST_ENHANCED (Adult)	1
CT	Thorax^1ThoraxRoutine (Adult)	1
CT	Thorax^1CHEST_W_IRIS (Adult)	1
CT	Thorax^01_LG_CHEST_lowdose_WO_screenin (Adult)	1
CT	Thorax^01_CHEST_W_HR (Adult)	1
CT	TVAR IP	1
CT	TRIPPLR RULEOUT W OP	1
CT	THORAX LOW DOSE	1
CT	PE CHEST OP	1
CT	PE CHEST IP	1
CT	OUT CTA CHEST WWO CONTRAST	1
CT	JHN CTA CHEST WITH ONLY IP	1
CT	JHN OP CTA CHEST W/W/O	1
CT	JHN OP CHEST W/O	1
CT	JHN OP CAP WPOIV	1
CT	JHN OP CAP W/ PO IV	1
CT	JHN OP CAP COMBO	1
CT	JHN IP PE W/	1
CT	JHN IP CHEST WO	1
CT	JHN IP CAP W	1
CT	JHN CST/PEL W/	1
CT	OUT CT CHEST WO	1
CT	JHN CHEST WO IP	1
CT	JHN CHEST WITH OP	1
CT	JHN CHEST W OP	1
CT	JHN CHEST OP IV	1
CT	JHN CHEST IP	1
CT	JHN CAP WO OP	1
CT	JHN CAP WITH IP	1
CT	JHN CAP W/O	1
CT	JHN PE CHEST IP	1
CT	JOIBV CT CHEST	1
CT	JOIBV CT CHEST PE	1
CT	JOICC CT CHEST W/O	1
CT	Neck^NECK_WITH_Customized (Adult)	1
CT	Neck^DE_CT_NECK (Adult)	1
CT	LUNG BX OP	1
CT	LOW DOSE LUNG CA SCRN 71271-CS	1
CT	L-SPINE(Adult)	1
CT	JOINY CT CHEST WITH	1
CT	JOINY CT CHEST W/O	1
CT	JOINY CT CHEST PE STUDY	1
CT	JOINY CT CHEST PE	1
CT	JOINY CT CHES WITH	1
CT	JOINY CT C/A/P WO	1
CT	JOINY CT C/A/P TRIPLE	1
CT	JOINY CAP W/WO	1
CT	JOIEN CT CHEST W/O	1
CT	JOIEN CT CHEST - PE	1
CT	JOIEN CT ABD/PEL	1
CT	JOIEN C/P	1
CT	Thorax^CHEST_BMI_30_TO_34 (Adult)	1
CT	Thorax^CHEST_ILD (Adult)	1
CT	Thorax^CHEST_LOW_DOSE_WO (Adult)	1
CT	e+1 CTA CHEST WO/W	1
CT	jhn ct chest wo op	1
CT	jhn c/ap w op	1
CT	e+1 ct chest abdomen pelvis with contrast	1
CT	e+1 ct chest abdomen pelvi	1
CT	e+1 ct chest	1
CT	e+1 Head	1
CT	e+1 CTA dissection	1
CT	e+1 CTA PE CHEST W	1
CT	e+1 CTA CHEST (PE STUDY) W CONTRAST	1
CT	e+1 CT ANGIO CHEST W	1
CT	e+1 CTA ANGIO NECK	1
CT	e+1 CT T SPINE RECON	1
CT	e+1 CT SOFT TISSUE NECK W CONTRAST	1
CT	e+1 CT Chest Without Contrast	1
CT	e+1 CT CHEST WO	1
CT	e+1 CT CHEST WITHOUT CONTRAST	1
CT	e+1 CT CHEST W	1
CT	e+1 CT CHEST ABDOMEN PELVIS WITHOUT CONTRAST	1
CT,NM	NUC MED SPECT/CT SINGLE DAY - PYP	1
CT,PT	PET CT FOR SARCOIDOSIS	1
CT,PT	PET CT IMG ANY SITE NO	1
CT,PT	PET ENDOMETRIAL OR CERVICAL CANCER (W/LOW DOSE CT)	1
DX	BRONCHOSCOPY	1
DX	Adult Chest - 2 Views	1
DX	Acute Abd child	1
DX	ANKLE RIGHT MIN 3 VIEWS	1
DX	ANKLE LEFT 3 VIEWS (WEIGHT BEARING)	1
DX	ANKLE 3 VIEWS RIGHT	1
DX	ABDOMEN COMPLETE MIN 2 VWS	1
DX	ABD UPRT VIEWONLY	1
DX	*XR CHEST AP or PA	1
CT,PT	PET TUMOR IMAGING WITH GA-68 DOTATATE	1
CT,PT	PET THYROID CANCER (W/	1
CT,PT	PET SARCOMA (W/LOW DOS	1
CT,PT	PET SARCOIDOSIS WITH N	1
CT,PT	PET PANCREATIC CANCER (W/LOW DOSE CT)	1
CT,PT	PET PANCREATIC CANCER	1
CT,PT	PET FEVER OF UNKNOWN O	1
CT,PT	PET ESOPHAGEAL OR GAST	1
CT	e+1 CT CHEST  ABDOMEN PELVIS WO	1
CT	ct chest w/o	1
CT	Thorax^CHEST_W (Adult)	1
CT	Thorax^DE_TRAUMA_CAP_WITH__INFUSION_AUTO_Customized (Adult)	1
CT	Thorax^PEDS__PE_CHEST (Child)	1
CT	Thorax^MCV_CH_AB_PL_ROUTINE (Adult)	1
CT	Thorax^LungLowDose (Adult)	1
CT	Thorax^LOW_DOSE_CHEST_LG (Adult)	1
CT	Thorax^ILD_BMI_Greater_than_40 (Adult)	1
CT	Thorax^HI_RES_CHEST_UPDATE (Adult)	1
CT	Thorax^FLASH_CAP_WITH_Customized (Adult)	1
CT	Thorax^FLASH_CAP_WITHOUT (Adult)	1
CT	Thorax^DE_PE_ABD_PELVIS (Adult)	1
CT	ct chest abdomen pelvi	1
CT	Thorax^Chest_Routine_Without (Adult)	1
CT	Thorax^CT_LUNG_CANCER_SCREENING_CHEST_WO (Adult)	1
CT	Thorax^CT_CHEST_WO (Adult)	1
CT	Thorax^CT_CHEST_ANGIO_PE_W (Adult)	1
CT	Thorax^CT_CA_WO (Adult)	1
CT	Thorax^CT_CAP_WITH_T_AND_L_SPINE_MPRS (Adult)	1
CT	Thorax^CTA_CHEST_ABD_PELVIS (Adult)	1
CT	Thorax^CHEST_WITHOUT_WITH (Adult)	1
CT	Thorax^PE_ (Adult)	1
CT	Thorax^PE_CHEST_DSXXL (Adult)	1
CT	Thorax^PE_CHEST_IRIS (Adult)	1
CT	Thorax^PE_DE_UNDER_200 (Adult)	1
CT	Vascular^_DISSECTION_CHEST_only (Adult)	1
CT	Vascular^VENOUS_AbdPel_Less45 (Adult)	1
CT	Vascular^VASC02_CTA_AAA_W_DELAY (Adult)	1
CT	Vascular^RENAL_CTA (Adult)	1
CT	Vascular^POST_THORACIC_STENT (Adult)	1
CT	Vascular^HEAD_NECK_CTA (Adult)	1
CT	Vascular^CTA_CAP_GR (Adult)	1
CT	Vascular^CTA_ABD_PEL_GI_BLEED (Adult)	1
CT	Vascular^CODE_STROKE_CTA_WITH_PERFUSION_WS (Adult)	1
CT	Thorax^XL_PE_ABD_PELVIS (Adult)	1
CT	Thorax^XL_CAP_WO_Customized (Adult)	1
CT	Thorax^VERAN_LARGE (Adult)	1
CT	Thorax^ThoraxRoutine (Adult)	1
CT	Thorax^ROUTINE_CONTRAST_CHEST_175lbs_andUnder (Adult)	1
CT	Thorax^ROUTINE_CHEST_W (Adult)	1
CT	Thorax^Pulmonary_Embolism_Study (Adult)	1
CT	Thorax^Pulmonary_Angiogram (Adult)	1
CT	JHN CAP W/ OP	1
CT	JHN CAP W/ IP	1
CT	JHN CAP W POIV IP	1
CT	CT CHEST/ABDOMEN/PELVIS W/CONTRAST	1
CT	CT DIAGNOSTIC COLONOSCOPY	1
CT	CT Chest WO	1
CT	CT Chest W WO	1
CT	CT Chest W	1
CT	CT Cerebral Perfusion Analysis	1
CT	CT CT-Abdomen/Pelvis W/Contrast	1
CT	CT CODE STROKE CTA	1
CT	CT CHST/ABD/PEL W/IV CONTRAST	1
CT	CT CHEST-ABD-PELV W/O CM	1
CT	CT CHEST WITH CONTRAST (O)	1
CT	CT CHEST, ABDOMEN, PEL	1
CT	CT CHEST, ABDOMEN & PELVIS WO CONTRAST	1
CT	CT CHEST, ABDOMEN & PELVIS  W/ 74177,71260,Q9967	1
CT	CT CHEST(SEE AB/PEL) W IV CON	1
CT	CT CHEST W_ ABDOMEN PELVIS WWO	1
CT	CT CHEST WWO CONT	1
CT	CT CHEST WO IV CONTRAST POST PROCESSING	1
CT	CT CHEST WITHOUT CONTRAST WITH OR WITHOUT 2D RECON	1
CT	CT ENTEROGRAPHY DONE AT WAKE FOREST BAPTIST IMAGING	1
CT	CT FACE/SINUSES (BRAINLAB) W* CONTRAST	1
CT	CT GUIDED BIOPSY LUNG MEDIASTINUM	1
CT	CT GUIDED CHEST LUNG B	1
CT	CT OUTSIDE ABDOMEN PELVIS W INTERPRETATION OR CONSULT	1
CT	CT ORBITS OPTIC NERVES WWO CONTRAST	1
CT	CT ORBITS OPTIC NERVES WO CONTRAST	1
CT	CT ORBIT WITH CONTRAST	1
CT	CT LUMBAR SPINE WITHOUT CONTRAST (S)	1
CT	CT LUMBAR SPINE WITHOUT CONTRAST	1
CT	CT LUMBAR SPINE NERVE BLOCK 1 LEVEL	1
CT	CT LUMBAR SPINE FACET BLOCK MULTI LEVEL	1
CT	CT LUMBAR PUNCTURE DIAGNOSTIC	1
CT	CT LT LOWER EXTREMITY W/O CONTRAST	1
CT	CT LEVEL 1-2 FACE WO ED TRAUMA	1
CT	CT LEFT LOWER EXTREMITY WO IV CONTRAST	1
CT	CT L-SPINE W/O CONTRAST/BONE RECON	1
CT	CT Initial/Annual Lung Screening	1
CT	CT HEART WO IV CONTRAST CALCIUM SCORING	1
CT	CT HEAD WITHOUT CONTRAST	1
CT	CT HEAD	1
CT	CT CHEST WITHOUT CONTR	1
CT	CT CHEST WITH CONTR	1
CT	CT PELVIS W CONTRAST GIGU	1
CT	CT CHEST (CPT=71250)	1
CT	CT CHEST ABDOMEN PELVIS W WO CONTRAST (S)	1
CT	CT CHEST ABDOMEN PELVIS W IV CONTRAST	1
CT	CT CHEST ABDOMEN PELVIS ANGIOGRAM WITH IV CONTRAST	1
CT	CT CHEST ABDOMEN AND PELVIS WITHOUT IV CONTRAST	1
CT	CT CHEST ABDOMEN AND PELVIS WITH IV CONTRAST	1
CT	CT CHEST ABD PELVIS W O CONTRAST	1
CT	CT CHEST (PULMONARY EMBOLISM) PELVIS LOWER EXTREMITY BILATERAL (	1
CT	CT CHEST (HIGH RESOLUTION) WITHOUT CONTRAST	1
CT	CT CHEST   W/O 71250	1
CT	CT CHEST WITH CONT	1
CT	CT CERVICAL SPINE WITHOUT IV CONTRAST	1
CT	CT CERVICAL SPINE NERVE BLOCK 1 LEVEL	1
CT	CT CAP WITH CONTRAST	1
CT	CT CAP W/ WT lOSS OP	1
CT	CT CAP W TRAUMA	1
CT	CT CAP IP	1
CT	CT BRAIN WITH AND WITHOUT CONTRAST (S)	1
CT	CT Angio Chest W+/or WO + Recon	1
CT	CT CHEST ABDOMEN WO CO	1
CT	CT CHEST AND ABDOMEN AND PELVIS WWO CONTRAST	1
CT	CT CHEST ANGIO	1
CT	CT CHEST ANGIOGRAM IMAGE IMPORT	1
CT	CT CHEST W/O & W IV CON	1
CT	CT CHEST W/O	1
CT	CT CHEST W W/O CONTRAST	1
CT	CT CHEST W IV CONTRAST PROTOCOL	1
CT	CT CHEST W CONTRAST PULMONARY EMBOLISM	1
CT	CT CHEST W CONTRAST OP	1
CT	CT CHEST W CONT PULMONARY ARTERIES FOR PE	1
CT	CT CHEST W CON OP	1
CT	CT CHEST W  ABDOMEN PELVIS WWO	1
CT	CT CHEST SCREENING FOR LUNG CANCER	1
CT	CT CHEST OUTSIDE WITH INTERPRETATION OR CONSULT	1
CT	CT CHEST LUNG CANCER SCREENING LOW DOSE W/O CM	1
CT	CT CHEST IV IP	1
CT	CT CHEST HRCT NO IVCON	1
CT	CT CHEST HIGH RESOLUTION (S)	1
CT	CT CHEST HI-RESOLUTION W/O IV CONTRAST	1
CT	CT CHEST EP LEAD EXTRACTION	1
CT	CT P CHEST AND UPPER ABD W	1
CT	CT PELVIS WITHOUT CONTRAST (S)	1
CT	JHN CAP W OP	1
CT	JCCI CHEST WITHOUT	1
CT	JCCI CT CAP WITHOUT	1
CT	JCCI CT CAP ENHANCED	1
CT	JCCI CT C/P	1
CT	JCCI CT C/A	1
CT	JCCI CT ABD/PEL	1
CT	JCCI CT ABD WITHOUT	1
CT	JCCI CHEST/PEL	1
CT	JCCI CHEST WO	1
CT	JCCI CHEST WITH PE	1
CT	Head^TEMP_BONES_GR (Adult)	1
CT	JCCI CHEST WITH	1
CT	JCCI CHEST COMB	1
CT	JCCI CHEST	1
CT	JCCI CAP ENHANCED	1
CT	IR ESI SPINE CERVICAL THORACIC	1
CT	IR CT PELVIC DRAIN	1
CT	IR CT BIOPSY MEDIASTINUM	1
CT	IR CHEST TUBE PLACEMENT (ORERABLE BY IR SERVICE ONLY)	1
CT	JCCI CT CHEST AND PELVIS ENHANCED	1
CT	JCCI CT CHEST FOR PE	1
CT	JCCI CT CHEST LUNG SCREENING	1
CT	JCCI CT CHEST W/O	1
CT	JHN CAP IP	1
CT	JHN CAP COMBO IV	1
CT	JHN CAP COMBO IP	1
CT	JHN CAP 3PHASE OP	1
CT	JHN CAP 3D PANC AP OP	1
CT	JHN A/P IP	1
CT	JHN 3PHASE W/W/O	1
CT	JCCI CTA CHEST	1
CT	JCCI CT TRIPLE CAP	1
CT	JCCI CT PE CHEST	1
CT	JCCI CT LUNG CANCER SCREENING	1
CT	JCCI CT LOW DOSE CHEST	1
CT	JCCI CT CHESTW	1
CT	JCCI CT CHEST/UROGRAM	1
CT	JCCI CT CHEST/PEL	1
CT	JCCI CT CHEST WO	1
CT	JCCI CT CHEST WITH	1
CT	IR CHEST TUBE PLACEMENT (ORERABLE BY	1
CT	Head^TEMPORAL_BONES (Adult)	1
CT	CT PELVIS WWO CONTRAST	1
CT	CT SPINE THORACIC W CONTRAST	1
CT	CT: CTA Chest for PE	1
CT	CT-CHEST WO	1
CT	CT Thorax High Resolution	1
CT	CT TRAUMA CHEST ABDOMEN PELVIS W CONTRAST	1
CT	CT THORAX  WITHOUT CONTRAST	1
CT	CT THORACIC SPINE WITHOUT IV CONTRAST	1
CT	CT THORACIC SPINE REFORMAT IMAG	1
CT	CT T-SPINE W/O CONTRAST/BONE RECON	1
CT	CT SPINE THORACIC LUMBAR REFORMATS WO CONTRAST	1
CT	Head^TEMPORAL_BONE (Adult)	1
CT	CT SPINE LUMBAR WOUT CON	1
CT	CT SPINE CERVICAL W CONTRAST	1
CT	CT SCREENING COLONOSCOPY	1
CT	CT RT UPPER EXTREMITY WO/W IV CONTRAST	1
CT	CT RT LOWER EXTREMITY WO/W IV CONTRAST	1
CT	CT RFA LUMBAR/SACRAL NERVE/JOINT 1 LEVEL	1
CT	CT PULMONARY EMBOLI WITH IV CONTRAST	1
CT	CT PULM VEIN OP	1
CT	CTA ABDOMEN AND PELVIS-CS	1
CT	CTA CARDIAC OP	1
CT	CTA CHESPE IV IP	1
CT	CTA CHEST AORTA ANGIOGRAPHY W WO CONTRAST	1
CT	Head^HEAD_FACE_C_SPINE (Adult)	1
CT	Head^HEAD_CERV_COMB (Adult)	1
CT	Head^FAST_HEAD_Customized (Adult)	1
CT	Head^FACIAL_BONES_WO (Adult)	1
CT	Head^FACE_ORBITS_GR (Adult)	1
CT	Head^DE_HEAD_WITH_Customized (Adult)	1
CT	Head^CT_HEAD_WO_CHEST_WO (Adult)	1
CT	Chest PE AVERAGE	1
CT	Cardiac^CORONARY_RETROSPECTIVE_MORE_PAD (Adult)	1
CT	Cardiac^CA_SCORING_2018 (Adult)	1
CT	Cardiac^ALIVE (Adult)	1
CT	CT_AP_WO	1
CT	CTSTNECK CHEST ABDOMEN PELVIS W WO CONTRAST	1
CT	CTA_CAP W/WO	1
CT	CTA P PE CHEST W	1
CT	CTA CHEST(ENTIRE AORTA)	1
CT	CTA CHEST W IV CONT	1
['PT','NM']	PETCT FDG VERTEX TO TOES (NON DIAGNOSTIC CT)	1
